nome,categoria,preco,preco_original,preco_pix,parcelamento,descricao,imagem_url,link_produto,notas_topo,notas_coracao,notas_fundo,inspiracao,volume,desconto,top_3_comentarios
Meteorite Overdose Perfume inspirado em Uden Overdose Xerjoff Compartilhável,compartilhaveis,"R$128,15",,"R$170,90","6x de R$29,98","Uma explosão refrescante e envolvente que se transforma em calor e elegância. É um perfume que reflete confiança e magnetismo, perfeito para quem busca sofisticação com um toque ousado.",https://cdn.sistemawbuy.com.br/arquivos/164496f0f766f94632f1695eb9084eed/produtos/6902c114613e8/22-6902d57a2e92b_mini.png,https://www.jaessencedelavie.com.br/meteorite-overdose-perfume-inspirado-em-uden-overdose-xerjoff-compartilhavel/,,,"Âmbar, Almíscar, Cedro",Uden Overdose Xerjoff,100ml,-5%,"[{""data"": ""03/02/2026"", ""autor"": ""Cliente verificado"", ""comentario"": ""MagníficoKatia Martins"", ""verificado"": true}, {""data"": ""30/01/2026"", ""autor"": ""Cliente verificado"", ""comentario"": ""MAURICIO ARTUR"", ""verificado"": true}, {""data"": ""20/01/2026"", ""autor"": ""Cliente verificado"", ""comentario"": ""Experimentei esse perfume na casa de um amigo e fiquei apaixonado.Esse cítrico na saída é maravilhoso mas o que mais me fez ficar maluco com o perfume foi na secagem.A secagem é SACANAGEM de BOM.Tomei banho e ainda sentia o perfume na pele,surreal.Fixação = altaProjeção = altaTipo de perfume diferen"", ""verificado"": true}]"
Japan Perfume inspirado em Sakura Dior Compartilhável,compartilhaveis,"R$134,90","R$165,90","R$128,15","6x de R$22,48","Uma fragrância calma e harmoniosa, ideal para o dia a dia ou momentos de introspecção. Sua leveza transmite serenidade e sofisticação natural.",https://cdn.sistemawbuy.com.br/arquivos/164496f0f766f94632f1695eb9084eed/produtos/6902c11394d12/17-6902d55f93a7f_mini.png,https://www.jaessencedelavie.com.br/japan-perfume-inspirado-em-sakura-dior-compartilhavel/,"Flor de Cerejeira, Bergamota","Rosa, Jasmim, Violeta","Almíscar Branco, Íris",Sakura Dior,100ml,-19%,"[{""data"": ""27/01/2026"", ""autor"": ""Cliente verificado"", ""comentario"": ""DeliciosoCarla Cristina"", ""verificado"": true}, {""data"": ""26/12/2025"", ""autor"": ""Cliente verificado"", ""comentario"": ""Aroma floral delicado. Perfeito para a esposa, namorada, filha.Francisco Clednei"", ""verificado"": true}, {""data"": ""03/12/2025"", ""autor"": ""Cliente verificado"", ""comentario"": ""KATIA GONCALVES"", ""verificado"": true}]"
Lilies Perfume inspirado em Lucky Dior Compartilhável,compartilhaveis,"R$134,90","R$165,90","R$128,15","6x de R$22,48","Delicado, limpo e sofisticado. Ideal para o dia a dia, escritório e ocasiões em que você quer exalar refinamento sem exagero.",https://cdn.sistemawbuy.com.br/arquivos/164496f0f766f94632f1695eb9084eed/produtos/6902c112b3958/12-6902d54061d7b_mini.png,https://www.jaessencedelavie.com.br/lilies-perfume-inspirado-em-lucky-dior-compartilhavel/,,,Almíscar Branco,Lucky Dior,100ml,-19%,"[{""data"": ""02/02/2026"", ""autor"": ""Luciano Antônio"", ""comentario"": ""Luciano Antônio"", ""verificado"": true}, {""data"": ""27/01/2026"", ""autor"": ""Cliente verificado"", ""comentario"": ""Muito bomCarla Cristina"", ""verificado"": true}, {""data"": ""09/12/2025"", ""autor"": ""Cliente verificado"", ""comentario"": ""Não conhecia o perfume, comprei e adorei! Gosto muito dos perfumes da JA.Obrigada pelo brinde que veio junto com os perfumes.☺️Fernanda Aparecida"", ""verificado"": true}]"
Real Vanilla Perfume inspirado em Vanilla Diorama Dior Compartilhável,compartilhaveis,"R$134,90","R$165,90","R$170,90","6x de R$29,98","Conforto elegante do início ao fim. Perfeito para noites especiais, encontros e dias frios em que você quer um abraço olfativo sofisticado.",https://cdn.sistemawbuy.com.br/arquivos/164496f0f766f94632f1695eb9084eed/produtos/6902c111d22b8/7-6902d4dec8865_mini.png,https://www.jaessencedelavie.com.br/real-vanilla-perfume-inspirado-em-vanilla-diorama-dior-compartilhavel/,,,"Patchouli, Sândalo",Vanilla Diorama Dior,100ml,-5%,"[{""data"": ""24/01/2026"", ""autor"": ""Cliente verificado"", ""comentario"": ""Obrigada JA por nos proporcionar compras de perfumes maravilhosos. Vcs nunca decepcionam.CINTHIA RAMOS"", ""verificado"": true}, {""data"": ""17/01/2026"", ""autor"": ""Cliente verificado"", ""comentario"": ""Baunilha evoluída e madura. Fixa muito. Tenho o original e to chocado como é próximo e bom! ParabénsALEXANDRE TOLENTINO"", ""verificado"": true}, {""data"": ""15/01/2026"", ""autor"": ""Cliente verificado"", ""comentario"": ""Muito bom , um doce bem chamativo pra noite e encontros há dóis. Bem sensual.welderson wagner"", ""verificado"": true}]"
Happy Perfume inspirado em Oud for Happiness Initio Parfums Privés Compartilhável,compartilhaveis,"R$134,90","R$165,90","R$128,15","6x de R$22,48","Com uma aura envolvente e relaxante, esta fragrância é um convite à alegria e à harmonia interior. O contraste entre o doce, o amadeirado e o especiado cria uma experiência sofisticada, perfeita para quem busca exclusividade e presença marcante.",https://cdn.sistemawbuy.com.br/arquivos/164496f0f766f94632f1695eb9084eed/produtos/6902be1d1e2b5/27-6902d4951a821_mini.png,https://www.jaessencedelavie.com.br/happy-perfume-inspirado-em-oud-for-happiness-initio-parfums-prives-compartilhavel/,,"Alcaçuz, Cedro","Baunilha, Oud, Almíscar",Oud for Happiness Initio Parfums Privés,100ml,-19%,"[{""data"": ""03/02/2026"", ""autor"": ""Cliente verificado"", ""comentario"": ""Fora do radarKatia Martins"", ""verificado"": true}, {""data"": ""23/01/2026"", ""autor"": ""Cliente verificado"", ""comentario"": ""Perfume maravilhoso, marcante! Boa fixação e projeção. Recomendo!Luiz Leduino"", ""verificado"": true}, {""data"": ""06/01/2026"", ""autor"": ""Cliente verificado"", ""comentario"": ""Recebi hoje o produto, pude experimentar uma borrifada mas, por esse borrifada , já pude ter idéia da qualidade do perfume, assim como todos que já tenho da casa ja essence , tomara que refresque kkkk para usar de verdade essa maravilha. Ótimo, mais uma jóia da casa .José Henrique"", ""verificado"": true}]"
Purp Perfume inspirado em Purpose Amouage Compartilhável - 100ML,compartilhaveis,"R$134,90","R$165,90","R$170,90","6x de R$29,98","Um perfume sofisticado e contemplativo, que transmite autoconfiança e profundidade. Suas nuances amadeiradas e especiadas criam uma atmosfera elegante e meditativa. Ideal para quem busca uma fragrância compartilhável, com assinatura olfativa distinta e uma presença magnética, perfeita para momentos de introspecção ou expressão autêntica.",https://cdn.sistemawbuy.com.br/arquivos/164496f0f766f94632f1695eb9084eed/produtos/68f3efbb68b01/fotos-mau-2-3-69014169adb90_mini.png,https://www.jaessencedelavie.com.br/purp-perfume-inspirado-em-purpose-amouage-compartilhavel/,,,"Sândalo, Akigalawood, Almíscar",Purpose Amouage,100ml,-5%,"[{""data"": ""12/01/2026"", ""autor"": ""Cliente verificado"", ""comentario"": ""Perfeito demais pra ser verdade.Bruno mellone"", ""verificado"": true}, {""data"": ""26/12/2025"", ""autor"": ""Cliente verificado"", ""comentario"": ""Fragrância fora da curva. Com certeza não usar se destacará dos demais ambientes.Francisco Clednei"", ""verificado"": true}, {""data"": ""27/11/2025"", ""autor"": ""Cliente verificado"", ""comentario"": ""Atendimento ímpar, entrega rápida, produtos com qualidade diferenciada, fragrâncias exclusivas......tudo isso no preço normal já é bom, e com a promoção Black Friday..... perfeição!!!!Posso falar isso com conhecimento de causa, pois sou colecionador dos perfumes J.A.Parabéns J.A Essence de Lá Vie👏🏻👏"", ""verificado"": true}]"
Universo Forte - Perfume inspirado em Aqua Universalis Cologne Forte Maison Francis Kurkdjian - Compartilhável,compartilhaveis,"R$134,90","R$165,90","R$170,90","6x de R$29,98","Uma fragrância fresca e sofisticada, ideal para climas quentes, uso diário e ocasiões em que você quer transmitir leveza, limpeza e refinamento.",https://cdn.sistemawbuy.com.br/arquivos/164496f0f766f94632f1695eb9084eed/produtos/68c4439d28375/fotos-mau-1-1-69013fa1bd6e0_mini.jpg,https://www.jaessencedelavie.com.br/universo-forte-perfume-inspirado-em-aqua-universalis-cologne-forte-maison-francis-kurkdjian-compartilhavel-68c443f820e73/,"Bergamota da Calábria, Limão",,"Almíscares brancos, Nuances atalcadas",Aqua Universalis Cologne Forte Maison Francis Kurkdjian,100ml,-5%,"[{""data"": ""24/01/2026"", ""autor"": ""Cliente verificado"", ""comentario"": ""Obrigada JA por nos proporcionar compras de perfumes maravilhosos. Vcs nunca decepcionam.CINTHIA RAMOS"", ""verificado"": true}, {""data"": ""12/01/2026"", ""autor"": ""Cliente verificado"", ""comentario"": ""CARLOS EDUARDO"", ""verificado"": true}, {""data"": ""01/01/2026"", ""autor"": ""Cliente verificado"", ""comentario"": ""Essa fragrância é espetacular, eu diria que é um combo de cítricos com um toque sutil de limpeza, uma sensação de luxo e riqueza.Lembra 98% o original.Um perfume extremamente exclusivo para o verão.Parabéns JA Essence!!James Francisco"", ""verificado"": true}]"
Tabac - Inspirado em Montabaco Ormonde Jayne - Compartilhável,compartilhaveis,"R$134,90","R$165,90","R$128,15","6x de R$22,48","Impactante desde o primeiro spray, Tabac é ideal para ocasiões noturnas, eventos marcantes ou para quem quer se destacar com uma presença envolvente e misteriosa.",https://cdn.sistemawbuy.com.br/arquivos/164496f0f766f94632f1695eb9084eed/produtos/688fbbf743b79/fotos-mau-2-2-69014070badef_mini.jpg,https://www.jaessencedelavie.com.br/tabac-inspirado-em-montabaco-ormonde-jayne/,,,"Folha de Tabaco, Iso E, Camurça, Sândalo, Musgo, Tonka, Âmbar Cinzento",Montabaco Ormonde Jayne,100ml,-19%,"[{""data"": ""26/12/2025"", ""autor"": ""Cliente verificado"", ""comentario"": ""Elegância em aroma.Francisco Clednei"", ""verificado"": true}, {""data"": ""22/12/2025"", ""autor"": ""Cliente verificado"", ""comentario"": ""Abre com um tabaco bem forte que até assusta, mas a secagem dele é outro patamar, praticamente o tabaco começa sumir e dar espaço pra algo mais fresco, comprei decant pois nao gosto da nota de tabaco, mas o jeito que ela é trabalhada aqui é bem difernete então curti e ja to pegando o de 100, elegant"", ""verificado"": true}, {""data"": ""09/12/2025"", ""autor"": ""Cliente verificado"", ""comentario"": ""Obra Prima da casa. Melhor de todosjoao alexandre"", ""verificado"": true}]"
Habana - Inspirado em Habana 500 Renier Perfumes,compartilhaveis,"R$134,90","R$165,90","R$128,15","6x de R$22,48","Perfeito para o dia, climas quentes ou momentos descontraídos. Habana traz a sensação de liberdade e alegria, como um passeio pelas ruas de Havana em um carro conversível.",https://cdn.sistemawbuy.com.br/arquivos/164496f0f766f94632f1695eb9084eed/produtos/688fbbe5e1df0/fotos-mau-2-1-69014082c92a5_mini.jpg,https://www.jaessencedelavie.com.br/habana-inspirado-em-habana-500-renier-perfumes/,,"Couro, Café, Leite, Cedro, Âmbar","Almíscar, Sândalo, Âmbar Cinzento",Habana 500 Renier Perfumes,100ml,-19%,"[{""data"": ""05/02/2026"", ""autor"": ""Cliente verificado"", ""comentario"": ""Produto muito bomGilson Zancanaro"", ""verificado"": true}, {""data"": ""28/01/2026"", ""autor"": ""Dalton Elias"", ""comentario"": ""Dalton Elias"", ""verificado"": true}, {""data"": ""09/12/2025"", ""autor"": ""Cliente verificado"", ""comentario"": ""Excelente. Qualidade nichojoao alexandre"", ""verificado"": true}]"
Cactus - Inspirado em Cactus Garden Louis Vuitton - Compartilhável,compartilhaveis,"R$134,90","R$165,90","R$170,90","6x de R$29,98","Perfeito para dias quentes, passeios ao ar livre ou para quem busca um perfume leve mas cheio de personalidade.",https://cdn.sistemawbuy.com.br/arquivos/164496f0f766f94632f1695eb9084eed/produtos/68649ba640288/e9dc1ac1e8aeb46a2c53221939ff9a34-68c45d1a43f22_mini.png,https://www.jaessencedelavie.com.br/cactus-inspirado-em-cactus-garden-louis-vuitton/,Mate,Bergamota,Lemongrass,Cactus Garden Louis Vuitton,100ml,-5%,"[{""data"": ""27/01/2026"", ""autor"": ""Cliente verificado"", ""comentario"": ""Bom perfume, bem verde… lembra cheiro de shampoo, gostei.Rafael Cosme"", ""verificado"": true}, {""data"": ""12/01/2026"", ""autor"": ""Rafael Nascimento"", ""comentario"": ""Rafael Nascimento"", ""verificado"": true}, {""data"": ""12/01/2026"", ""autor"": ""Cliente verificado"", ""comentario"": ""Tem mais de 5 estrelas? coloca 10! é um Perfume INCRIVELBruno mellone"", ""verificado"": true}]"
Brandy Maçã - Perfume inspirado em Apple Brandy - Compartilhável,compartilhaveis,"R$134,90","R$165,90","R$170,90","6x de R$29,98","Brandy Maçã é perfeito para noites sofisticadas, encontros marcantes e para quem deseja transmitir poder, elegância e originalidade. Vai bem em climas mais frescos, jantares, festas, baladas ou qualquer situação em que a intenção seja marcar presença com intensidade e estilo.",https://cdn.sistemawbuy.com.br/arquivos/164496f0f766f94632f1695eb9084eed/produtos/6844bf334f476/34-68a8e27f801ca_mini.png,https://www.jaessencedelavie.com.br/perfume-brandy-maca-inspirado-em-apple-brandy/,,"Cardamomo, Rum, Acordes frutados","Musgo, Baunilha, Cedro, Ambroxan",Apple Brandy,100ml,-5%,"[{""data"": ""19/01/2026"", ""autor"": ""Cliente verificado"", ""comentario"": ""Consegue ser igual ao de nichoALEXANDRE TOLENTINO"", ""verificado"": true}, {""data"": ""12/01/2026"", ""autor"": ""Cliente verificado"", ""comentario"": ""Um espetáculo. Intenso, marcante, brabíssimoBruno mellone"", ""verificado"": true}, {""data"": ""17/11/2025"", ""autor"": ""Cliente verificado"", ""comentario"": ""Esse foi presente, mas senti a fragrância assim que entreguei. perfume incrível, suave, cheirinho banho tomado. Perfeito!Marcos Francelino"", ""verificado"": true}]"
Ferskar - Perfume Inspirado em Enclave Amouage - Compartilhável,compartilhaveis,"R$134,90","R$165,90","R$128,15","6x de R$22,48","Ideal para homens intensos, modernos e introspectivos. Uma fragrância noturna, sofisticada e contemplativa — perfeita para climas amenos ou frios, jantares, eventos elegantes, noites reflexivas ou para quem quer destacar profundidade e originalidade com elegância sombria.",https://cdn.sistemawbuy.com.br/arquivos/164496f0f766f94632f1695eb9084eed/produtos/683e43bf571c2/30-68a915fc518d3_mini.png,https://www.jaessencedelavie.com.br/ferskar-perfume-inspirado-em-enclave-amouage-compartilhavel/,,,"Saffiano, AmberXtreme™, Labdanum",Enclave Amouage,100ml,-19%,"[{""data"": ""05/01/2026"", ""autor"": ""Cliente verificado"", ""comentario"": ""Diego pocci"", ""verificado"": true}, {""data"": ""22/11/2025"", ""autor"": ""Cliente verificado"", ""comentario"": ""Nada a dizer, além de perfeito!Roberto A."", ""verificado"": true}, {""data"": ""22/11/2025"", ""autor"": ""Cliente verificado"", ""comentario"": ""Nada a dizer, além de perfeito!Roberto A."", ""verificado"": true}]"
Blue - Inspirado em  Blue Sapphire  Boadicea The Victorious - Compartilhável,compartilhaveis,"R$134,90","R$165,90","R$170,90","6x de R$29,98","Ideal para ocasiões especiais, noites elegantes e momentos em que se deseja transmitir presença com discrição refinada. BLUE exala nobreza, confiança e um charme atemporal, perfeito para climas amenos ou frios, jantares sofisticados, eventos sociais ou como assinatura olfativa marcante.",https://cdn.sistemawbuy.com.br/arquivos/164496f0f766f94632f1695eb9084eed/produtos/683b6fff52ba7/1-68a913240db7c_mini.png,https://www.jaessencedelavie.com.br/blue-inspirado-em-blue-sapphire-boadicea-the-victorious/,"Limão, Sálvia, Camomila, Tagetes, Açafrão",,"Patchouli, Oud, Âmbar, Chocolate amargo",Blue Sapphire  Boadicea The Victorious,100ml,-5%,"[{""data"": ""13/01/2026"", ""autor"": ""Cliente verificado"", ""comentario"": ""Somente experimentei , achei muito bomEduardo Ciornai"", ""verificado"": true}, {""data"": ""28/12/2025"", ""autor"": ""Cliente verificado"", ""comentario"": ""Perfume perfeito...Amor a primeira borrifada ..Perfume perfeito pra um dateGEOVANNE SOUZA"", ""verificado"": true}, {""data"": ""26/12/2025"", ""autor"": ""Cliente verificado"", ""comentario"": ""Que perfume perfeito...Foi amor a primeira borrifada ❤️GEOVANNE SOUZA"", ""verificado"": true}]"
Ombre - Perfume Inspirado em Hacivat Nishane - Compartilhável,compartilhaveis,"R$134,90","R$165,90","R$170,90","6x de R$29,98","Leve, refinado e marcante, OMBRE entrega frescor e sofisticação com naturalidade. Ideal para o dia a dia ou ocasiões elegantes, é um perfume que transmite personalidade sem esforço.",https://cdn.sistemawbuy.com.br/arquivos/164496f0f766f94632f1695eb9084eed/produtos/6823d82b0b279/140-68a8d566c46f5_mini.png,https://www.jaessencedelavie.com.br/ombre-compartilhavel/,,"Jasmim, Patchouli (Oriza), Cedro","Notas Amadeiradas, Musgo de Carvalho",Hacivat Nishane,100ml,-5%,"[{""data"": ""06/02/2026"", ""autor"": ""Cliente verificado"", ""comentario"": ""Amo esse perfume. Já é o terceiro.Bernadeth Maria"", ""verificado"": true}, {""data"": ""02/02/2026"", ""autor"": ""Cliente verificado"", ""comentario"": ""Perfume muito bomPereira Pereira"", ""verificado"": true}]"
Black Ghost - Perfume Inspirado em Black Phantom By Kilian - Compartilhável,compartilhaveis,"R$134,90","R$165,90","R$128,15","6x de R$22,48","Uma fragrância sofisticada e intensa, perfeita para noites especiais ou momentos em que se deseja impressionar. BLACK GHOST traz profundidade, mistério e um toque doce, ideal para quem busca originalidade e assinatura marcante.",https://cdn.sistemawbuy.com.br/arquivos/164496f0f766f94632f1695eb9084eed/produtos/6823d8279dc55/146-68a8d65fc438e_mini.png,https://www.jaessencedelavie.com.br/black-ghost-compartilhavel/,,,"Sândalo cremoso, Cana‑de‑açúcar",Black Phantom By Kilian,100ml,-19%,"[{""data"": ""10/12/2025"", ""autor"": ""Cliente verificado"", ""comentario"": ""Recebi este perfume de presente e toda vez que eu o utilizo sou elogiado. Virou um dos meus favoritos.Adriano"", ""verificado"": true}, {""data"": ""29/10/2025"", ""autor"": ""Cliente verificado"", ""comentario"": ""Eu gostei bastante! Aroma viciante um gourmand bem chique.Thiago Godoy"", ""verificado"": true}, {""data"": ""24/09/2025"", ""autor"": ""Cliente verificado"", ""comentario"": ""luan sousa"", ""verificado"": true}]"
Luxury Oud - Perfume Inspirado em Oud for Greatness Initio Parfums Prives - COMPARTILHÁVELss Initio Parfums Prives - Compartilhável,compartilhaveis,"R$134,90","R$165,90","R$128,15","6x de R$22,48","Sofisticado e impactante, LUXURY OUD combina notas frescas e picantes com uma base rica e amadeirada. Ideal para ocasiões especiais, é um convite para se conectar com sua força interior de forma elegante e ousada.",https://cdn.sistemawbuy.com.br/arquivos/164496f0f766f94632f1695eb9084eed/produtos/6823d826c4ef6/150-68a8d6bae35cf_mini.png,https://www.jaessencedelavie.com.br/luxury-oud-compartilhavel/,,,Musk,Oud for Greatness Initio,100ml,-19%,"[{""data"": ""27/11/2025"", ""autor"": ""Cliente verificado"", ""comentario"": ""Por aqui já é o 5o vidro que compro pro meu marido. Muito parecido com o original q ganhei uma amostrinha em uma viagem. Comprei um árabe da lataffa e fixa e projeta menos!Greice martins"", ""verificado"": true}, {""data"": ""05/08/2025"", ""autor"": ""Thairiny Pimentel"", ""comentario"": ""Thairiny Pimentel"", ""verificado"": true}, {""data"": ""01/08/2025"", ""autor"": ""Cliente verificado"", ""comentario"": ""Esse perfume é incrível, já comprei ele diversas vezes, até hoje não encontrei quem não gostasse, sempre perguntam que perfume estou usando, um perfume que projeta bastante e tem uma fixação incrível, cheiro de rico de verdade, um perfume que vai te cravar uma assinatura pessoal.Almeida"", ""verificado"": true}]"
Decima - Perfume Inspirado em Acqua Decima Eau D'Italie - Compartilhável,compartilhaveis,"R$134,90","R$165,90","R$170,90","6x de R$29,98","Ideal para primavera e verão, DECIMA traz a leveza de um passeio pelas costas italianas. Seu frescor cítrico e verde é perfeito para uso diário ou eventos ao ar livre, com uma sofisticação casual que transmite elegância sem esforço.",https://cdn.sistemawbuy.com.br/arquivos/164496f0f766f94632f1695eb9084eed/produtos/6823d8249d041/162-68a8d7bdc6124_mini.png,https://www.jaessencedelavie.com.br/perfume-decima-eau-de-parfum/,,,"Madeira Branca, Vetiver",Acqua Decima Eau D'Italie,100ml,-5%,"[{""data"": ""27/01/2026"", ""autor"": ""Cliente verificado"", ""comentario"": ""Ranieri dos Santos"", ""verificado"": true}, {""data"": ""21/11/2025"", ""autor"": ""Heloyn Nogueira"", ""comentario"": ""Heloyn Nogueira"", ""verificado"": true}, {""data"": ""28/08/2025"", ""autor"": ""Cliente verificado"", ""comentario"": ""Lailton das Neves"", ""verificado"": true}]"
Vanilla - Perfume Inspirado em Ruby N Vanilla Intense De Ebk Paris - Compartilhável,compartilhaveis,"R$134,90","R$165,90","R$170,90","6x de R$29,98","Um perfume para quem ama baunilha em sua forma mais luxuosa e viciante. A evolução revela uma baunilha quente, doce e aveludada, com toque de amêndoas e âmbar que ampliam sua profundidade. Ideal para noites especiais ou quando se deseja uma assinatura olfativa impactante.",https://cdn.sistemawbuy.com.br/arquivos/164496f0f766f94632f1695eb9084eed/produtos/6823d823c4966/166-68a8d7f65494e_mini.png,https://www.jaessencedelavie.com.br/vanilla-compartilhavel/,,,"Amêndoa, Almíscar, Sândalo",Ruby N Vanilla Intense,100ml,-5%,"[{""data"": ""28/01/2026"", ""autor"": ""Cliente verificado"", ""comentario"": ""Baunilha encorpada, adulta. Altamente vicianteALEXANDRE TOLENTINO"", ""verificado"": true}, {""data"": ""24/01/2026"", ""autor"": ""Cliente verificado"", ""comentario"": ""Obrigada JA por nos proporcionar compras de perfumes maravilhosos. Vcs nunca decepcionam.CINTHIA RAMOS"", ""verificado"": true}, {""data"": ""05/01/2026"", ""autor"": ""Cliente verificado"", ""comentario"": ""Abimael gonçalves"", ""verificado"": true}]"
Suspended Poems  - Perfume Inspirado em Turath The Spirit of Dubai - Compartilhável,compartilhaveis,"R$134,90","R$165,90","R$196,55","6x de R$34,48","Uma jornada olfativa marcante, rica em contrastes e simbolismos. Ideal para quem busca intensidade, exclusividade e uma presença memorável. Suspended Poems traduz uma alma perfumada com herança oriental e sofisticação contemporânea — perfeita para ocasiões especiais e ambientes que pedem imponência.",https://cdn.sistemawbuy.com.br/arquivos/164496f0f766f94632f1695eb9084eed/produtos/6823d82301e84/452-68a8e0808c8bb_mini.png,https://www.jaessencedelavie.com.br/perfume-suspended-poems-compartilhavel/,,,"Patchouli, Sândalo, Guaiacwood, Vetiver, Bálsamo de Tolu, Bálsamo do Peru, Couro, Notas Fumê, Cistus, Ládano, Incenso, Civeta, Almíscar Branco, Ambargris, Baunilha, Musgos, Âmbar, Musgo de Carvalho",Turath The Spirit of Dubai,100ml,-5%,"[{""data"": ""07/02/2026"", ""autor"": ""Diego Castanho"", ""comentario"": ""Diego Castanho"", ""verificado"": true}, {""data"": ""17/12/2025"", ""autor"": ""Cliente verificado"", ""comentario"": ""Obtive 4unid da primeira safra no frasco antigo e ele era muito mais intenso e mais escuro ,negam que reformularão ,mas enfim esse novo frasco é mais claro e não fixa muito ,mas ainda sim eu compro pq amo esse cheiroLuana Camacho"", ""verificado"": true}, {""data"": ""04/12/2025"", ""autor"": ""Cliente verificado"", ""comentario"": ""Muito bomANA CLAUDIA"", ""verificado"": true}]"
Joie de Vivre - Perfume Inspirado em Erba Pura Xerjoff - Compartilhável,compartilhaveis,"R$134,90","R$165,90","R$128,15","6x de R$22,48","alegre, viciante e cheia de energia. Perfeita para quem ama perfumes frutados e quer deixar uma impressão luminosa e sofisticada.",https://cdn.sistemawbuy.com.br/arquivos/164496f0f766f94632f1695eb9084eed/produtos/6823d81e1a9cf/170-68a8d82c882a9_mini.png,https://www.jaessencedelavie.com.br/perfume-joie-de-vivre-compartilhavel/,,Frutas,"Almíscar Branco, Baunilha de Madagascar, Âmbar",Erba Pura Xerjoff,100ml,-19%,"[{""data"": ""27/01/2026"", ""autor"": ""Cliente verificado"", ""comentario"": ""Muito bom, excelente fragrância. Eu achei um pouquinho doce para o que eu gosto de usar, mas a qualidade é indiscutível.Manassés da Cruz"", ""verificado"": true}, {""data"": ""19/01/2026"", ""autor"": ""Harllen Joaquim"", ""comentario"": ""Harllen Joaquim"", ""verificado"": true}, {""data"": ""11/12/2025"", ""autor"": ""Cliente verificado"", ""comentario"": ""Perfeito...Nada a relatar a n ser que estou 200% satisfeito.Obs: estou fazendo as avaliações no serviço... ñ tenho como mandar fotoFABRICIO BORGES"", ""verificado"": true}]"
Spice Garden - Perfume Inspirado em Tygar Bvlgari - Masculino,compartilhaveis,"R$134,90","R$149,90","R$128,15","6x de R$22,48","Um perfume que transmite energia solar e profundidade terrosa. Ideal para homens modernos, confiantes e determinados, que buscam marcar presença com uma fragrância única, elegante e poderosa. Perfeito para uso diário ou eventos onde se deseja destaque.",https://cdn.sistemawbuy.com.br/arquivos/164496f0f766f94632f1695eb9084eed/produtos/6823d81d5a81a/174-68a8d86cb9bdc_mini.png,https://www.jaessencedelavie.com.br/perfume-spice-garden-masculino/,,Ambrox,Madeiras Nobres,Tygar Bvlgari,100ml,-10%,"[{""data"": ""07/02/2026"", ""autor"": ""Diego Castanho"", ""comentario"": ""Diego Castanho"", ""verificado"": true}, {""data"": ""05/02/2026"", ""autor"": ""Cliente verificado"", ""comentario"": ""Juan pereira"", ""verificado"": true}, {""data"": ""02/02/2026"", ""autor"": ""Cliente verificado"", ""comentario"": ""Muito bom perfumeRyan Narciso"", ""verificado"": true}]"
Beach - Perfume Inspirado em Bahar The Spirit of Dubai - Compartilhável,compartilhaveis,"R$134,90","R$165,90","R$196,55","6x de R$34,48","olfativa refrescante, envolvente e sofisticada.",https://cdn.sistemawbuy.com.br/arquivos/164496f0f766f94632f1695eb9084eed/produtos/6823d81bc9c4a/178-68a8d8aec0966_mini.png,https://www.jaessencedelavie.com.br/perfume-beach-compartilhavel/,,,"Âmbar, Baunilha, Almíscar, Patchouli, Madeiras Preciosas, Oudh, Vetiver",Bahar The Spirit of Dubai,100ml,-5%,"[{""data"": ""07/12/2025"", ""autor"": ""Cliente verificado"", ""comentario"": ""Muito bomCelso russi"", ""verificado"": true}, {""data"": ""22/11/2025"", ""autor"": ""Cliente verificado"", ""comentario"": ""Nada a dizer, além de perfeito!Roberto A."", ""verificado"": true}, {""data"": ""22/11/2025"", ""autor"": ""Cliente verificado"", ""comentario"": ""Nada a dizer, além de perfeito!Roberto A."", ""verificado"": true}]"
Chevalier - Perfume Inspirado em Layton Parfums De Marly - Compartilhável,compartilhaveis,"R$134,90","R$165,90","R$170,90","6x de R$29,98","Chevalier transmite sofisticação e poder desde a primeira borrifada. Um perfume elegante e sedutor, ideal para noites, eventos especiais e ocasiões em que a presença precisa ser notada sem exageros. Funciona perfeitamente em climas amenos e frios, deixando um rastro envolvente e confiante.",https://cdn.sistemawbuy.com.br/arquivos/164496f0f766f94632f1695eb9084eed/produtos/6823d81b19eaf/202-68a8dadf66dfe_mini.png,https://www.jaessencedelavie.com.br/perfume-chevalier-compartilhavel/,,,"Baunilha, Pimenta, Madeira Guaiac, Patchouli, Oriza, Café caramelizado",Layton Parfums De Marly,100ml,-5%,"[{""data"": ""19/01/2026"", ""autor"": ""Harllen Joaquim"", ""comentario"": ""Harllen Joaquim"", ""verificado"": true}, {""data"": ""30/12/2025"", ""autor"": ""Arua Costa"", ""comentario"": ""Arua Costa"", ""verificado"": true}, {""data"": ""03/12/2025"", ""autor"": ""Cliente verificado"", ""comentario"": ""Eu não conheço o perfume o qual o Chevalier foi inspirado! (Layton Parfums de Marly) Mas após receber o contratipo, fiquei simplesmente apaixonado pela fragrância! Se você curte perfume na vibe do La Nuit de l'Homme da Yves Saint Laurent, pode comprar sem medo que não vai se decepcionar! Na minha pe"", ""verificado"": true}]"
Tapis Volant - Perfume Inspirado em Majalis The Spirit Of Dubai - Compartilhável,compartilhaveis,"R$134,90","R$165,90","R$196,55","6x de R$34,48","Intenso, quente e envolvente, TAPIS VOLANT é um perfume de presença forte e luxuosa. Ideal para noites, ocasiões especiais e climas mais frios, ele deixa um rastro opulento, misterioso e extremamente sofisticado.",https://cdn.sistemawbuy.com.br/arquivos/164496f0f766f94632f1695eb9084eed/produtos/6823d81a6bb01/192-68a8d9b54a22b_mini.png,https://www.jaessencedelavie.com.br/perfume-tapis-volant-compartilhavel/,,,"Patchouli, Oud, Couro, Baunilha, Notas Amadeiradas, Benjoim, Sândalo, Mirra, Almíscar, Mel, Qahwa (Café Árabe)",Majalis,100ml,-5%,"[{""data"": ""27/11/2025"", ""autor"": ""Cliente verificado"", ""comentario"": ""Meu marido ama. Terceiro vidro jaGreice martins"", ""verificado"": true}, {""data"": ""19/11/2025"", ""autor"": ""Cliente verificado"", ""comentario"": ""Muito bomPablo Henrique"", ""verificado"": true}]"
Cabane de Plage - Perfume Inspirado em Beach Hut Amoage - Masculino,masculinos,"R$134,90","R$165,90","R$128,15","6x de R$22,48","Uma jornada olfativa que começa com um frescor marinho e mentolado, evoluindo para um coração verde-terroso e encerrando em um caldo amadeirado e balsâmico. Ideal para dias ensolarados, aventuras ao ar livre ou qualquer ocasião onde o frescor e a sofisticação se encontram.",https://cdn.sistemawbuy.com.br/arquivos/164496f0f766f94632f1695eb9084eed/produtos/6823d82da6e75/132-68a8d4bbde77f_mini.png,https://www.jaessencedelavie.com.br/cabane-de-plage-masculino/,,"Vetiver, Musgo, Hera","Patchouli, Mirra, Madeiras Secas",Beach Hut Amoage,100ml,-19%,"[{""data"": ""28/01/2026"", ""autor"": ""Dalton Elias"", ""comentario"": ""Dalton Elias"", ""verificado"": true}, {""data"": ""12/01/2026"", ""autor"": ""Cliente verificado"", ""comentario"": ""Perfume é bom, sosfisticado e eleganteFabiano Martins"", ""verificado"": true}, {""data"": ""12/01/2026"", ""autor"": ""Cliente verificado"", ""comentario"": ""CARLOS EDUARDO"", ""verificado"": true}]"
Champs Élysées  - Perfume Inspirado em Elysium Pour Homme Eau Intense Roja Dove- Masculino,masculinos,"R$134,90","R$165,90","R$170,90","6x de R$29,98","Uma fragrância luminosa e elegante, ideal para homens que buscam destaque com discrição. Perfeita para o dia a dia ou ocasiões especiais. CHAMPS ÉLYSÉES transmite confiança, poder e frescor em cada borrifada.",https://cdn.sistemawbuy.com.br/arquivos/164496f0f766f94632f1695eb9084eed/produtos/6823d7195abfb/74-68a8e521f3ece_mini.png,https://www.jaessencedelavie.com.br/perfume-champs-elysees-masculino/,,,"Gálbano, Pimenta Preta, Cipriol, Vetiver, Cedro, Madeiras Secas, Folha de Violeta, Baga de Zimbro, Benjoim, Baunilha, Ládano, Couro, Âmbar Cinza, Almíscar",Elysium Pour Homme Eau Intense,100ml,-5%,"[{""data"": ""30/01/2026"", ""autor"": ""Cliente verificado"", ""comentario"": ""MAURICIO ARTUR"", ""verificado"": true}, {""data"": ""23/01/2026"", ""autor"": ""Cliente verificado"", ""comentario"": ""Ótima qualidade e muita fixação.Nikolas Stewart"", ""verificado"": true}, {""data"": ""26/12/2025"", ""autor"": ""Cliente verificado"", ""comentario"": ""Segunda vez que compro, uma das minhas fragrâncias preferidas.Gustavo Machado"", ""verificado"": true}]"
Cheval - Perfume Inspirado em Herod Parfums de Marly - Masculino,masculinos,"R$134,90","R$165,90","R$170,90","6x de R$29,98","Ideal para noites frias, eventos especiais ou encontros memoráveis. Uma fragrância imponente e refinada, feita para homens que querem marcar presença com estilo e sofisticação. O equilíbrio perfeito entre calor, elegância e mistério.",https://cdn.sistemawbuy.com.br/arquivos/164496f0f766f94632f1695eb9084eed/produtos/6823d831645f5/116-68a8ce73a5fcb_mini.png,https://www.jaessencedelavie.com.br/cheval-masculino/,,,"Baunilha, Cedro, Almíscar, Vetiver",Herod Parfums de Marly,100ml,-5%,"[{""data"": ""30/01/2026"", ""autor"": ""Cliente verificado"", ""comentario"": ""MAURICIO ARTUR"", ""verificado"": true}, {""data"": ""18/12/2025"", ""autor"": ""Cliente verificado"", ""comentario"": ""muito bomEli Jones"", ""verificado"": true}, {""data"": ""22/10/2025"", ""autor"": ""Cliente verificado"", ""comentario"": ""EDUARDO GITTI"", ""verificado"": true}]"
Citric Explosion - Perfume Inspirado em APEX ? Roja Dove - Masculino,masculinos,"R$134,90","R$165,90","R$128,15","6x de R$22,48",,https://cdn.sistemawbuy.com.br/arquivos/164496f0f766f94632f1695eb9084eed/produtos/6823d783bfd09/250-68a8de56bb122_mini.png,https://www.jaessencedelavie.com.br/perfume-citric-explosion-masculino/,,"Jasmim, Cistus, Abacaxi","Gálbano, Elemi, Patchouli, Musgo de Carvalho, Rum, Tabaco, Cipreste, Bálsamo de Abeto, Baga de Zimbro, Madeira de Casmir, Sândalo, Benjoin, Âmbar, Incenso, Ládano, Couro, Ambargris, Almíscar Experiência CITRIC EXPLOSION é uma jornada vibrante que exalta a conexão entre o homem e a natureza. Ideal para momentos em que se busca motivação, foco e presença. Sua versatilidade o torna ideal para qualquer estação e ocasião. Dicas de Uso Para melhor performance, aplique o perfume nas áreas quentes do corpo, como pulsos, pescoço e parte interna dos cotovelos. Evite roupas claras e exposição direta ao sol após a aplicação. DISCLAIMER Menções de marcas são realizadas apenas como referenciação olfativa para facilitar a identificação dos produtos, sendo o registro da marca mencionado de propriedade de seus fabricantes e desenvolvedores. Nossas plataformas digitais como site, página de Facebook e Perfil de Instagram não possuem nenhum vínculo com as marcas, fabricantes ou desenvolvedores dos perfumes originais aqui citados apenas como referências olfativas. Utilize o perfume de forma correta borrifando o mesmo nas partes mais quentes do seu corpo (alta passagem de sangue) como pulsos, antebraços e bíceps, parte posterior das orelhas, região do peitoral, etc. Em caso de aplicação sobre a roupa, é importante borrifar com uma certa distância, já que normalmente perfumes possuem aspecto oleoso e podem causar manchas nos tecidos das roupas. Pessoas com histórico de sensibilidade ou alergia a perfumes, cremes, óleos essenciais, em pequenas ou grandes quantidades, devem evitar o uso do produto. O armazenamento correto dos perfumes influencia diretamente em sua performance e durabilidade. Por exemplo, você sabia que a luz solar ou artificial e altas temperaturas podem causar alterações nas matérias-primas e óleos essenciais? Armazene sempre seus perfumes longe da luz solar/artificial e de altas temperaturas. É aconselhável locais como armários, gavetas, etc. Alguns locais não são indicados para armazenamento, como banheiros, que normalmente enfrentam temperaturas altas e umidade excessiva. Com a intenção de evitar a entrada de oxigênio em seu perfume, causando oxidação, sempre utilize a tampa para fechamento após o uso. Alterações de cor e perda de intensidade olfativa podem ocorrer, assim como alguns perfumes podem ganhar performance ao longo do tempo. A duração de um perfume pode girar em torno de 2 a 3 anos ou ultrapassar este prazo tranquilamente. Avaliações 09/12/2025 Excelente qualidade e similaridade joao alexandre Compra verificada 22/11/2025 Nada a dizer, além de perfeito! Roberto A. Compra verificada 22/11/2025 Nada a dizer, além de perfeito! Roberto A. Compra verificada 12/11/2025 Thiago Fernandes Compra verificada Carregar mais Avaliar produto Você também pode gostar Exclusive Horse  - Inspirado em Pegasus Exclusif  - Masculino de R$165,90 por R$134,90 6x de R$22,48 sem juros R$128,15 com PIX (-5%) 50ML + Masculinos -19% Olhar Comprar Cabane de Plage - Perfume Inspirado em Beach Hut Amoage - Masculino de R$165,90 por R$134,90 6x de R$22,48 sem juros R$128,15 com PIX (-5%) 50ML + Masculinos -19% Olhar Comprar VETIVER - Perfume Inspirado em Vetiver Pour Homme Parfum Cologne Roja - Masculino de R$165,90 por R$134,90 6x de R$22,48 sem juros R$128,15 com PIX (-5%) 50ML + Masculinos -19% Olhar Comprar Jub 4.0 - Perfume inspirado em Jubilation 40 Man Amouage - 100ML R$179,90 6x de R$29,98 sem juros R$170,90 com PIX (-5%) + Masculinos Olhar Comprar Envio em até 5 dias úteis Até 6X sem Juros Compra 100% Segura Pague com PIX e Ganhe 5% OFF JUNTE-SE A NÓS OBTENHA DESCONTOS EXCLUSIVOS Enviar *Ao clicar em enviar você está de acordo com nossa Política de Privacidade . Institucional Sobre nós Política de privacidade Termos de uso Dúvidas frequentes Termos de política e privacidade Loja fisica Sua conta Minha conta Meus pedidos Meu carrinho Meus favoritos Precisa de ajuda? Fale conosco Atendimento Segunda à Sexta das 09h às 18h. (19) 97416-2855 jaessencedelavie@gmail.com 4.9 1936 avaliações Todos direitos reservados à J A ESSENCE - Piracicaba - SP Desenvolvido por Rocket com tecnologia wBuy Plataforma",APEX,100ml,-19%,"[{""data"": ""09/12/2025"", ""autor"": ""Cliente verificado"", ""comentario"": ""Excelente qualidade e similaridadejoao alexandre"", ""verificado"": true}, {""data"": ""22/11/2025"", ""autor"": ""Cliente verificado"", ""comentario"": ""Nada a dizer, além de perfeito!Roberto A."", ""verificado"": true}, {""data"": ""22/11/2025"", ""autor"": ""Cliente verificado"", ""comentario"": ""Nada a dizer, além de perfeito!Roberto A."", ""verificado"": true}]"
Empire 1872 - Perfume Inspirado em 1872 For Men Clive Christian - Masculino,masculinos,"R$134,90","R$165,90","R$128,15","6x de R$22,48","A fragrância começa com uma explosão fresca e vibrante de cítricos e frutas, evoluindo para um coração aromático e picante que energiza os sentidos. As notas amadeiradas no fundo fornecem solidez e profundidade, conferindo um caráter refinado e masculino. Perfeita para o homem moderno que aprecia mistério, poder e elegância discreta.",https://cdn.sistemawbuy.com.br/arquivos/164496f0f766f94632f1695eb9084eed/produtos/6823d82f33a3e/124-68a8d3541f79c_mini.png,https://www.jaessencedelavie.com.br/empire-1872-masculino/,,,"Almíscar, Madeira de Cedro, Sândalo, Frésia",1872 For Men,100ml,-19%,"[{""data"": ""09/02/2026"", ""autor"": ""Artur Silva"", ""comentario"": ""Artur Silva"", ""verificado"": true}, {""data"": ""05/01/2026"", ""autor"": ""Cliente verificado"", ""comentario"": ""Diego pocci"", ""verificado"": true}, {""data"": ""23/12/2025"", ""autor"": ""Heloyn Nogueira"", ""comentario"": ""Heloyn Nogueira"", ""verificado"": true}]"
Exclusive Horse  - Inspirado em Pegasus Exclusif  - Masculino,masculinos,"R$134,90","R$165,90","R$128,15","6x de R$22,48",,https://cdn.sistemawbuy.com.br/arquivos/164496f0f766f94632f1695eb9084eed/produtos/6823d7896b804/242-68a8ddce06ca1_mini.png,https://www.jaessencedelavie.com.br/perfume-exclusive-horse-masculino/,,,"Baunilha, Âmbar, Sândalo, Oud Natural, Madeira Gaiac Experiência Ideal para noites frias ou ocasiões especiais, essa fragrância envolvente expressa autoconfiança e sofisticação. Seu rastro marcante deixa uma presença memorável por onde passa. Dicas de Uso Aplique o perfume nas áreas de maior circulação sanguínea, como pescoço, pulsos e atrás das orelhas. Evite aplicação direta sobre roupas claras. Armazene em local seco, fresco e protegido da luz. Disclaimer Menções de marcas são realizadas apenas como referência olfativa para facilitar a identificação dos produtos, sendo o registro da marca mencionado de propriedade de seus fabricantes e desenvolvedores. Nossas plataformas digitais como site, página de Facebook e perfil de Instagram não possuem nenhum vínculo com as marcas, fabricantes ou desenvolvedores dos perfumes originais aqui citados apenas como referências olfativas. Utilize o perfume de forma correta, borrifando nas partes mais quentes do corpo como pulsos, antebraços, parte posterior das orelhas e região do peitoral. Evite aplicação direta sobre roupas, pois a base oleosa pode causar manchas. Pessoas com histórico de sensibilidade ou alergia a perfumes, cremes ou óleos essenciais devem evitar o uso. Armazene o produto longe da luz solar e do calor excessivo. Perfumes podem durar entre 2 a 3 anos ou até mais, com alterações naturais de cor ou intensidade. Avaliações 05/01/2026 Maravilhoso Abimael gonçalves Compra verificada 12/11/2025 Fragrância incrível. Utilizo diariamente, intercalando com o Portuguese Land. O frasco anterior era mais bonito. REINALDO FRANCISCO Compra verificada 29/08/2025 Excelente! Tenho praticamente toda linha da JÁ Essence, TOP 2 empresa de contratipos do mercado nacional, atingindo similaridade e desempenho fora de série! Podem comprar sem medo, o produto é extraclasse! Wladimir Bonadio Compra verificada 06/08/2025 Excelente Eli Jones Compra verificada Carregar mais Avaliar produto Você também pode gostar Imaginación - Inspirado em Imagination Louis Vuitton - Masculino a partir de R$139,90 por R$134,90 6x de R$22,48 sem juros R$128,15 com PIX (-5%) 100ML 50ML + Masculinos -4% Olhar Comprar Cabane de Plage - Perfume Inspirado em Beach Hut Amoage - Masculino de R$165,90 por R$134,90 6x de R$22,48 sem juros R$128,15 com PIX (-5%) 50ML + Masculinos -19% Olhar Comprar Revitalizante - Inspirado em L Immensité Louis Vuitton - Masculino de R$165,90 por R$134,90 6x de R$22,48 sem juros R$128,15 com PIX (-5%) 50ML + Masculinos -19% Olhar Comprar Sartoriale - Inspirado em Sartorial Penhaligon's - Masculino R$179,90 6x de R$29,98 sem juros R$170,90 com PIX (-5%) 100ML + Masculinos Olhar Comprar Envio em até 5 dias úteis Até 6X sem Juros Compra 100% Segura Pague com PIX e Ganhe 5% OFF JUNTE-SE A NÓS OBTENHA DESCONTOS EXCLUSIVOS Enviar *Ao clicar em enviar você está de acordo com nossa Política de Privacidade . Institucional Sobre nós Política de privacidade Termos de uso Dúvidas frequentes Termos de política e privacidade Loja fisica Sua conta Minha conta Meus pedidos Meu carrinho Meus favoritos Precisa de ajuda? Fale conosco Atendimento Segunda à Sexta das 09h às 18h. (19) 97416-2855 jaessencedelavie@gmail.com 4.9 1936 avaliações Todos direitos reservados à J A ESSENCE - Piracicaba - SP Desenvolvido por Rocket com tecnologia wBuy Plataforma",Pegasus Exclusif,100ml,-19%,"[{""data"": ""05/01/2026"", ""autor"": ""Cliente verificado"", ""comentario"": ""MaravilhosoAbimael gonçalves"", ""verificado"": true}, {""data"": ""12/11/2025"", ""autor"": ""Cliente verificado"", ""comentario"": ""Fragrância incrível. Utilizo diariamente, intercalando com o Portuguese Land. O frasco anterior era mais bonito.REINALDO FRANCISCO"", ""verificado"": true}, {""data"": ""29/08/2025"", ""autor"": ""Cliente verificado"", ""comentario"": ""Excelente! Tenho praticamente toda linha da JÁ Essence, TOP 2 empresa de contratipos do mercado nacional, atingindo similaridade e desempenho fora de série! Podem comprar sem medo, o produto é extraclasse!Wladimir Bonadio"", ""verificado"": true}]"
Exotic X - Perfume Inspirado em  X-CLIVE Christian - Masculino,masculinos,"R$134,90","R$165,90","R$128,15","6x de R$22,48","Uma composição sofisticada com destaque para o cardamomo, violeta e o lírio, que trazem elegância e personalidade. A base rica de vetiver, baunilha e musgo proporciona uma fixação intensa e envolvente. Ideal para homens seguros, que apreciam perfumes complexos e exclusivos.",https://cdn.sistemawbuy.com.br/arquivos/164496f0f766f94632f1695eb9084eed/produtos/6823d819aaf72/fotos-mau-2-1-68a9196378de8_mini.png,https://www.jaessencedelavie.com.br/perfume-exotique-x-masculino/,"Ruibarbo, Abacaxi, Bergamota","Íris, Páprica, Jasmim","Cedro da Virgínia, Canela, Âmbar, Musgo de Carvalho, Vetiver, Estoraque, Baunilha, Ládano Francês",X,100ml,-19%,"[{""data"": ""06/02/2026"", ""autor"": ""Cliente verificado"", ""comentario"": ""Muito bom!Dalton Elias"", ""verificado"": true}, {""data"": ""22/12/2025"", ""autor"": ""Heloyn Nogueira"", ""comentario"": ""Heloyn Nogueira"", ""verificado"": true}, {""data"": ""26/11/2025"", ""autor"": ""Cliente verificado"", ""comentario"": ""Luca machado"", ""verificado"": true}]"
Imaginación - Inspirado em Imagination Louis Vuitton - Masculino,masculinos,"R$134,90","R$165,90","R$180,40","6x de R$31,65","olfativa única, leve e sofisticada — ideal para quem deseja ir além do convencional e transformar sonhos em realidade.",https://cdn.sistemawbuy.com.br/arquivos/164496f0f766f94632f1695eb9084eed/produtos/6823d7258894a/58-68a8e3f773225_mini.png,https://www.jaessencedelavie.com.br/perfume-imaginacion-masculino/,,,"Chá Preto Chinês, Ambroxan, Madeira Guaiac, Olíbano",Imagination Louis Vuitton,100ml,-5%,"[{""data"": ""07/02/2026"", ""autor"": ""Diego Castanho"", ""comentario"": ""Diego Castanho"", ""verificado"": true}, {""data"": ""02/02/2026"", ""autor"": ""Luciano Antônio"", ""comentario"": ""Luciano Antônio"", ""verificado"": true}, {""data"": ""02/02/2026"", ""autor"": ""Cliente verificado"", ""comentario"": ""Sensacional. Já fui elogiado no primeiro uso. Fixação excelente. Surpreendeu!!Bruno Medeiros"", ""verificado"": true}]"
King - Perfume Inspirado em Creed Aventus 2010 - Masculino,masculinos,"R$134,90","R$139,90","R$128,15","6x de R$22,48","Envolvente e imponente, KING traduz o poder em estado líquido. Uma fragrância que exala confiança, sofisticação e presença — perfeita para ocasiões em que você quer deixar uma marca inesquecível.",https://cdn.sistemawbuy.com.br/arquivos/164496f0f766f94632f1695eb9084eed/produtos/6823d7910190e/226-68a8dcc882f5d_mini.png,https://www.jaessencedelavie.com.br/perfume-king-masculino/,"Cassis, Bergamota, Maçã, Abacaxi",,"Musgo de Carvalho, Musk, Âmbar, Baunilha",Creed Aventus 2010,100ml,-4%,"[{""data"": ""07/02/2026"", ""autor"": ""Diego Castanho"", ""comentario"": ""Diego Castanho"", ""verificado"": true}, {""data"": ""28/01/2026"", ""autor"": ""Cliente verificado"", ""comentario"": ""Melhor inspiração que eu ja sentiALEXANDRE TOLENTINO"", ""verificado"": true}, {""data"": ""27/01/2026"", ""autor"": ""Cliente verificado"", ""comentario"": ""Qualidade absurda. Comprei 3 fragrâncias e mais 5 depois. Chegou apenas as 3 no primeiro pedido, mas a qualidade de fixação e projeção foi assustador como uma marca ainda fora do radar pode entregar tamanha qualidade em matéria prima nos produtos. Parabéns. E retornem logo o Silent Paths, quero ter "", ""verificado"": true}]"
Macedonia - Perfume Inspirado em GYAN Bvlgari - Masculino,masculinos,"R$134,90","R$165,90","R$180,40","6x de R$31,65","Uma combinação envolvente de floral exótico, madeira terrosa e incenso meditativo. MACEDÔNIA evoca o brilho das safiras azuis, a noite estrelada da Caxemira e a força de uma presença que não se esquece.",https://cdn.sistemawbuy.com.br/arquivos/164496f0f766f94632f1695eb9084eed/produtos/6823d7209412d/macedonia-4-68a8e7b4c4bcd_mini.png,https://www.jaessencedelavie.com.br/perfume-macedonia-masculino/,Jasmim Sambac,,Incenso,GYAN Bvlgari,100ml,-5%,"[{""data"": ""04/02/2026"", ""autor"": ""Bruno Tavares"", ""comentario"": ""Bruno Tavares"", ""verificado"": true}, {""data"": ""30/01/2026"", ""autor"": ""Cliente verificado"", ""comentario"": ""Realmente eh um perfume muito bom. Quando borrifei na pele, minha esposa disse que não eh pra sair sozinho usando esse perfume kkkk. Perfume aprovado!!!!!JEANDERSON TARGINO"", ""verificado"": true}, {""data"": ""28/01/2026"", ""autor"": ""Dalton Elias"", ""comentario"": ""Dalton Elias"", ""verificado"": true}]"
Man 45 - Perfume Inspirado em Reflection Man 45 Amouage - Masculino,masculinos,"R$134,90","R$139,90","R$170,90","6x de R$29,98","é uma interpretação mais profunda e concentrada da icônica fragrância Reflection, agora com 45% de óleo essencial, amadurecido por quatro meses. Uma composição ousada, com notas picantes e florais que revelam um perfume marcante e atemporal. Ideal para quem deseja deixar uma assinatura imponente e inesquecível. Pirâmide Olfativa Notas de Topo: Benjoin, Pimenta Rosa, Sálvia Esclaréia, Lavanda, Card",https://cdn.sistemawbuy.com.br/arquivos/164496f0f766f94632f1695eb9084eed/produtos/6823d78b6b55b/238-68a8dd81e0159_mini.png,https://www.jaessencedelavie.com.br/perfume-man-45-masculino/,,,"Vetiver, Patchouli, Sândalo, Cedro, Mirra, Incenso, Opoponax Experiência Uma fragrância com presença elevada, ideal para uso em noites frias, eventos sofisticados ou quando você deseja marcar presença com elegância. MAN 45 é uma reinterpretação luxuosa que impressiona do primeiro ao último acorde. Dicas de Uso Aplique o perfume nas áreas de maior circulação sanguínea, como pescoço, pulsos e atrás das orelhas. Evite aplicação direta sobre roupas claras. Armazene em local seco, fresco e protegido da luz. Disclaimer Menções de marcas são realizadas apenas como referência olfativa para facilitar a identificação dos produtos, sendo o registro da marca mencionado de propriedade de seus fabricantes e desenvolvedores. Nossas plataformas digitais como site, página de Facebook e perfil de Instagram não possuem nenhum vínculo com as marcas, fabricantes ou desenvolvedores dos perfumes originais aqui citados apenas como referências olfativas. Utilize o perfume de forma correta, borrifando nas partes mais quentes do corpo como pulsos, antebraços, parte posterior das orelhas e região do peitoral. Evite aplicação direta sobre roupas, pois a base oleosa pode causar manchas. Pessoas com histórico de sensibilidade ou alergia a perfumes, cremes ou óleos essenciais devem evitar o uso. Armazene o produto longe da luz solar e do calor excessivo. Perfumes podem durar entre 2 a 3 anos ou até mais, com alterações naturais de cor ou intensidade. Avaliações 07/02/2026 Diego Castanho Compra verificada 29/01/2026 Bem elaborado evoluiu com Lavanda do começo ao fim! José Dias Compra verificada 24/01/2026 Obrigada JA por nos proporcionar compras de perfumes maravilhosos. Vcs nunca decepcionam. CINTHIA RAMOS Compra verificada 23/01/2026 Esse perfume me surpreendeu positivamente. Requintado,  puro requinte... amei CINTHIA RAMOS Compra verificada Carregar mais Avaliar produto Você também pode gostar Imaginación - Inspirado em Imagination Louis Vuitton - Masculino a partir de R$139,90 por R$134,90 6x de R$22,48 sem juros R$128,15 com PIX (-5%) 100ML 50ML + Masculinos -4% Olhar Comprar Exclusive Horse  - Inspirado em Pegasus Exclusif  - Masculino de R$165,90 por R$134,90 6x de R$22,48 sem juros R$128,15 com PIX (-5%) 50ML + Masculinos -19% Olhar Comprar Cabane de Plage - Perfume Inspirado em Beach Hut Amoage - Masculino de R$165,90 por R$134,90 6x de R$22,48 sem juros R$128,15 com PIX (-5%) 50ML + Masculinos -19% Olhar Comprar Revitalizante - Inspirado em L Immensité Louis Vuitton - Masculino de R$165,90 por R$134,90 6x de R$22,48 sem juros R$128,15 com PIX (-5%) 50ML + Masculinos -19% Olhar Comprar Envio em até 5 dias úteis Até 6X sem Juros Compra 100% Segura Pague com PIX e Ganhe 5% OFF JUNTE-SE A NÓS OBTENHA DESCONTOS EXCLUSIVOS Enviar *Ao clicar em enviar você está de acordo com nossa Política de Privacidade . Institucional Sobre nós Política de privacidade Termos de uso Dúvidas frequentes Termos de política e privacidade Loja fisica Sua conta Minha conta Meus pedidos Meu carrinho Meus favoritos Precisa de ajuda? Fale conosco Atendimento Segunda à Sexta das 09h às 18h. (19) 97416-2855 jaessencedelavie@gmail.com 4.9 1936 avaliações Todos direitos reservados à J A ESSENCE - Piracicaba - SP Desenvolvido por Rocket com tecnologia wBuy Plataforma",Reflection Man 45 Amouage,100ml,-5%,"[{""data"": ""07/02/2026"", ""autor"": ""Diego Castanho"", ""comentario"": ""Diego Castanho"", ""verificado"": true}, {""data"": ""29/01/2026"", ""autor"": ""Cliente verificado"", ""comentario"": ""Bem elaborado evoluiu com Lavanda do começo ao fim!José Dias"", ""verificado"": true}, {""data"": ""24/01/2026"", ""autor"": ""Cliente verificado"", ""comentario"": ""Obrigada JA por nos proporcionar compras de perfumes maravilhosos. Vcs nunca decepcionam.CINTHIA RAMOS"", ""verificado"": true}]"
Meteorite - Perfume Inspirado em Nio Xerjoff - Masculino,masculinos,"R$134,90","R$165,90","R$128,15","6x de R$22,48","Começa com um bouquet vibrante de cítricos picantes que, em transição, revela um coração floral-especiado marcante. A base amadeirada e ambarada confere profundidade, mistério e uma elegância mística — perfeita para homens que buscam presença astuta e sofisticada.",https://cdn.sistemawbuy.com.br/arquivos/164496f0f766f94632f1695eb9084eed/produtos/6823d82e610a0/128-68a8d43d38047_mini.png,https://www.jaessencedelavie.com.br/meteorite-masculino/,,,"Vetiver, Patchouli (Oriza), Madeira de Guaiaco, Cedro da Virgínia, Âmbar",Nio Xerjoff,100ml,-19%,"[{""data"": ""30/12/2025"", ""autor"": ""Sahel Marques"", ""comentario"": ""Sahel Marques"", ""verificado"": true}, {""data"": ""14/12/2025"", ""autor"": ""Cliente verificado"", ""comentario"": ""Em minha pele o comportamento desta fragrância foi uma bomba. Delicioso, chique, presença forte. Um tanto sensual posso dizer. Rendeu muitos elogios por onde estive.Marcos Aurélio"", ""verificado"": true}, {""data"": ""05/12/2025"", ""autor"": ""Carlos Alberto"", ""comentario"": ""Carlos Alberto"", ""verificado"": true}]"
Meteorite Udem - Perfume Inspirado em Uden Xerjoff - Masculino,masculinos,"R$134,90","R$139,90","R$170,90","6x de R$29,98","Ideal para homens confiantes que buscam uma fragrância moderna, intensa e refinada. METEORITE UDEM projeta magnetismo com elegância e surpreende com sua virada quente e envolvente após a abertura cítrica vibrante.",https://cdn.sistemawbuy.com.br/arquivos/164496f0f766f94632f1695eb9084eed/produtos/6823d795a6cf6/198-68a8da448e65b_mini.png,https://www.jaessencedelavie.com.br/perfume-meteorite-udem-masculino/,,,"Almíscares, Absoluto de Café, Absoluto de Baunilha",Uden Xerjoff,100ml,-5%,"[{""data"": ""04/02/2026"", ""autor"": ""Cliente verificado"", ""comentario"": ""Perfume muito agradável, versátil. Da pra usar durante o dia e a noite, em qualquer clima. Talvez só não usaria num calor tórrido. Otima fixação e projeção na minha pele, principalmente utilizando em ambientes fechados climatizados como em um escritório. Foi uma ótima compra.Carlos"", ""verificado"": true}, {""data"": ""02/02/2026"", ""autor"": ""Cliente verificado"", ""comentario"": ""Muito bom mesmo.RANDER"", ""verificado"": true}, {""data"": ""28/01/2026"", ""autor"": ""Cliente verificado"", ""comentario"": ""Inicialmente a fragrância é muito charmosa e elegante.Mairton Beserra"", ""verificado"": true}]"
Portuguese Land - Perfume Inspirado em Bois du Portugal Creed - Masculino,masculinos,"R$134,90","R$139,90","R$170,90","6x de R$29,98","ORTUGUESE LAND é uma fragrância que evoca a profundidade das florestas portuguesas com um toque aristocrático e sensual. A abertura cítrica de bergamota se entrelaça com a suavidade da lavanda, conduzindo a um fundo luxuoso e amadeirado de sândalo, cedro, vetiver e âmbar cinzento. Uma homenagem à masculinidade clássica, envolvente e imponente. Pirâmide Olfativa Topo: Bergamota Coração: Lavanda Fun",https://cdn.sistemawbuy.com.br/arquivos/164496f0f766f94632f1695eb9084eed/produtos/6823d8abaf535/112-68a8cdd6d1d07_mini.png,https://www.jaessencedelavie.com.br/portuguese-land-masculino/,,,,Bois du Portugal Creed,100ml,-5%,"[{""data"": ""13/01/2026"", ""autor"": ""Cliente verificado"", ""comentario"": ""Muito bom!Kenzio"", ""verificado"": true}, {""data"": ""08/01/2026"", ""autor"": ""Cliente verificado"", ""comentario"": ""Magnífico, projeção 2 horas, fixação mais de 10Osmany Alvarez"", ""verificado"": true}, {""data"": ""19/12/2025"", ""autor"": ""Cliente verificado"", ""comentario"": ""Perfume muito bom, fixou mais de 6h num dia nublado sem fazer força alguma. Porém, uma ressalva, para narizes \""mau treinados\"", ele tem cheiro de perfume de vovô, inclusive, sem saber que era eu, falaram que tinha alguém com \""perfume de velho\"" no recinto.João"", ""verificado"": true}]"
Reflectiom - Perfume Inspirado em  Reflection Man Amouage - Masculino,masculinos,"R$134,90","R$165,90","R$170,90","6x de R$29,98","REFLECTIOM oferece uma presença sofisticada e serena. Perfeito para ambientes profissionais ou encontros marcantes, ele transmite confiança e elegância com naturalidade. Um perfume feito para quem valoriza o requinte sem excessos.",https://cdn.sistemawbuy.com.br/arquivos/164496f0f766f94632f1695eb9084eed/produtos/6823d7928f8ce/218-68a8dc5050052_mini.png,https://www.jaessencedelavie.com.br/perfume-reflectiom-masculino/,,,"Vetiver, Patchouli, Sândalo, Cedro",Reflection Man Amouage,100ml,-5%,"[{""data"": ""12/01/2026"", ""autor"": ""Cliente verificado"", ""comentario"": ""eu quero poder dar 10 estrelas, 100, 1000Bruno mellone"", ""verificado"": true}, {""data"": ""01/12/2025"", ""autor"": ""Cliente verificado"", ""comentario"": ""Fragrância parecida com a original. Menos longevidade, porem entendo devido ao custo de produção.Caio Cesar"", ""verificado"": true}, {""data"": ""28/11/2025"", ""autor"": ""Cliente verificado"", ""comentario"": ""Esse é fantástico, muito similar ao Amouage Reflection Man. Muito mais gostoso do que o Man 45, cujo o similar (Amouage Reflection 45) também não gosto.Ari Macedo"", ""verificado"": true}]"
Revitalizante - Inspirado em L Immensité Louis Vuitton - Masculino,masculinos,"R$134,90","R$165,90","R$128,15","6x de R$22,48","Ideal para quem busca frescor imediato, REVITALIZANTE combina perfeitamente com dias quentes, momentos de descanso à beira-mar, treinos ao ar livre ou passeios contemplativos. Perfeito para o trabalho casual, encontros diurnos e escapadas de fim de semana — um sopro de liberdade que energiza e desperta os sentidos.",https://cdn.sistemawbuy.com.br/arquivos/164496f0f766f94632f1695eb9084eed/produtos/683b70041dfed/18-68a9156ebf5e4_mini.png,https://www.jaessencedelavie.com.br/revitalizante-inspirado-em-l-immensite-louis-vuitton/,,,"Ambroxan, Labdanum (resina ambarada)",L Immensité Louis Vuitton,100ml,-19%,"[{""data"": ""19/01/2026"", ""autor"": ""Cliente verificado"", ""comentario"": ""O perfume se mostra fresco e cítrico, com fundo amadeirado... Mas um ambarado fresco. Parece um passeio no alto de uma montanha próximo ao litoral da Groelândia. Com cheiro de ervas aromáticas frescas, um cítrico no ar que trás elegância. Um perfume profundo mas que não fica enjoativo, trás leveza, "", ""verificado"": true}, {""data"": ""25/11/2025"", ""autor"": ""Cliente verificado"", ""comentario"": ""Perfume muito bom Uns dos melhores da jajonass matos"", ""verificado"": true}, {""data"": ""21/11/2025"", ""autor"": ""Heloyn Nogueira"", ""comentario"": ""Heloyn Nogueira"", ""verificado"": true}]"
Sartoriale - Inspirado em Sartorial Penhaligon's - Masculino,masculinos,"R$134,90","R$139,90","R$170,90","6x de R$29,98","Ideal para ambientes formais ou ocasiões especiais, onde a presença é marcada pela sofisticação e discrição ao mesmo tempo.",https://cdn.sistemawbuy.com.br/arquivos/164496f0f766f94632f1695eb9084eed/produtos/68649ba6d8a32/9-68a660cf5b923_mini.png,https://www.jaessencedelavie.com.br/sartoriale-inspirado-em-sartorial-penhaligons/,,,"Patchouli, Âmbar, Almíscar",Sartorial Penhaligon's,100ml,-5%,"[{""data"": ""31/01/2026"", ""autor"": ""Cliente verificado"", ""comentario"": ""Esse é diferente dos iguais!! Elegância em um frasco.Emanoel"", ""verificado"": true}, {""data"": ""28/01/2026"", ""autor"": ""Dalton Elias"", ""comentario"": ""Dalton Elias"", ""verificado"": true}, {""data"": ""14/01/2026"", ""autor"": ""Cliente verificado"", ""comentario"": ""Ainda não usei ! Sugestão: poder avaliar cada perfume separadamente! Ter q avaliar todos de uma vez, acaba força a fazer de forma precipitada ou de qualquer jeito.henrique Barroso"", ""verificado"": true}]"
Spice Garden - Perfume Inspirado em Tygar Bvlgari - Masculino,masculinos,,,,,,https://cdn.sistemawbuy.com.br/arquivos/164496f0f766f94632f1695eb9084eed/produtos/6823d81d5a81a/174-68a8d86cb9bdc_mini.png,https://www.jaessencedelavie.com.br/perfume-spice-garden-masculino/,,,,,,,[]
Supreme Intense - Perfume Inspirado em Supremacy Not Only Intense - Masculino,masculinos,"R$134,90","R$165,90","R$128,15","6x de R$22,48","Ideal para eventos noturnos, encontros e ocasiões em que se deseja causar impacto. SUPREME INTENSE combina sofisticação e intensidade em uma composição moderna que transmite poder e sensualidade.",https://cdn.sistemawbuy.com.br/arquivos/164496f0f766f94632f1695eb9084eed/produtos/6823d794cd6ac/206-68a8db3ed6391_mini.png,https://www.jaessencedelavie.com.br/perfume-supreme-intense-masculino/,"Groselha Preta, Bergamota e Maçã",,"Açafrão, Almíscar e Âmbar Cinzento",Supremacy Not Only,100ml,-19%,"[{""data"": ""19/10/2025"", ""autor"": ""Cliente verificado"", ""comentario"": ""É um ótimo perfume, da pra sentir a qualidade das notas. Mas, para o meu gosto, eu achei ele bem esfumaçado, se voce gosta de notas esfumaçadas pode cair dentro. Em comparação com o Ombre, ele é mais esfumaçã do e nada citrico, ja o ombre tem um abacaxi (citrico) mais presente e nada esfumaçado. Rec"", ""verificado"": true}, {""data"": ""15/09/2025"", ""autor"": ""Cliente verificado"", ""comentario"": ""Comprei no escuro só lendo alguns comentários e foi simplesmente a melhor surpresa! Adorei. Incrível pra trabalho, muito charmoso. Projeta e fixa muito!Daniel"", ""verificado"": true}, {""data"": ""12/09/2025"", ""autor"": ""Cliente verificado"", ""comentario"": ""É Bom gosteiMarley Porto"", ""verificado"": true}]"
VETIVER - Perfume Inspirado em Vetiver Pour Homme Parfum Cologne Roja - Masculino,masculinos,"R$134,90","R$165,90","R$128,15","6x de R$22,48","Uma fragrância sofisticada, envolvente e extremamente versátil. Ideal para homens que valorizam elegância com personalidade, combinando frescor e profundidade na medida certa. Perfeita para ocasiões formais, encontros importantes ou para quem deseja deixar um rastro de presença forte e refinada.",https://cdn.sistemawbuy.com.br/arquivos/164496f0f766f94632f1695eb9084eed/produtos/68c446e3cca47/78-68a8e575d2fe0_mini.png,https://www.jaessencedelavie.com.br/vetiver-perfume-inspirado-em-vetiver-pour-homme-parfum-cologne-roja-68c446f42f14b/,"Limão, Bergamota, Litsea Cubeba",,"Vetiver, Musgo de Carvalho, Cedro, Ládano",Vetiver Pour Homme Parfum Cologne Roja,100ml,-19%,"[{""data"": ""09/12/2025"", ""autor"": ""Cliente verificado"", ""comentario"": ""Muito bom. Fixacao maior que o inspiradojoao alexandre"", ""verificado"": true}, {""data"": ""05/12/2025"", ""autor"": ""Cliente verificado"", ""comentario"": ""Gosto muito desse. Uso p ir a faculdade (período integral, ambiente climatizado). Também passo as vezes p ficar em casa. Esse cheiro na secagem tem algo levemente medicinal. Me deixa calmo, nem sei explicar direito.Pedro Henrique"", ""verificado"": true}, {""data"": ""27/11/2025"", ""autor"": ""Cliente verificado"", ""comentario"": ""Muito bom. Primeiro peguei decant dele, e agora fiz a compra. Vetiver muito confortável.WILLIAM ISSAO"", ""verificado"": true}]"
Jub 4.0 - Perfume inspirado em Jubilation 40 Man Amouage - 100ML,masculinos,"R$134,90","R$139,90","R$170,90","6x de R$29,98","Um perfume denso e majestoso, que combina o calor do mel e do incenso com o brilho especiado da canela e o toque resinoso da mirra. A evolução é luxuosa e introspectiva, revelando uma aura imponente e elegante. Ideal para quem busca uma fragrância imersiva, de presença marcante e assinatura olfativa sofisticada — perfeita para ocasiões especiais e noites memoráveis.",https://cdn.sistemawbuy.com.br/arquivos/164496f0f766f94632f1695eb9084eed/produtos/68f3efba374f7/5-69013fd7b1655_mini.jpg,https://www.jaessencedelavie.com.br/jub-4-0-perfume-inspirado-em-jubilation-40-man-amouage-masculino/,,,"Mirra, Âmbar, Patchouli",Jubilation 40 Man Amouage,100ml,-5%,"[{""data"": ""30/12/2025"", ""autor"": ""Cliente verificado"", ""comentario"": ""Simplesmente maravilhoso Top demais Fecho com 10!!!!!!!Alexandre de Sousa"", ""verificado"": true}, {""data"": ""09/12/2025"", ""autor"": ""Cliente verificado"", ""comentario"": ""Aroma e fixação excepcionais.Harif Miguel"", ""verificado"": true}, {""data"": ""27/11/2025"", ""autor"": ""Cliente verificado"", ""comentario"": ""Atendimento ímpar, entrega rápida, produtos com qualidade diferenciada, fragrâncias exclusivas......tudo isso no preço normal já é bom, e com a promoção Black Friday..... perfeição!!!!Posso falar isso com conhecimento de causa, pois sou colecionador dos perfumes J.A.Parabéns J.A Essence de Lá Vie👏🏻👏"", ""verificado"": true}]"
Boy - Perfume Inspirado em Toy Boy Moschino - Masculino,masculinos,"R$134,90","R$165,90","R$128,15","6x de R$22,48","BOY é perfeita para homens que buscam autenticidade sem abrir mão da sofisticação. Sua abertura vibrante e frutada evolui para um bouquet floral inesperado, finalizando com uma base profunda e amadeirada. Um perfume que equilibra leveza e intensidade: ideal para o dia a dia, encontros casuais e a noite — especialmente em estações frescas.",https://cdn.sistemawbuy.com.br/arquivos/164496f0f766f94632f1695eb9084eed/produtos/6823d83003e57/120-68a8d2d35cc98_mini.png,https://www.jaessencedelavie.com.br/boy-masculino/,,,"Sândalo, Vetiver, Cashmeran, Âmbar, Sylkolide",Toy Boy Moschino,100ml,-5%,"[{""data"": ""16/01/2026"", ""autor"": ""Cliente verificado"", ""comentario"": ""Perfume excepcional, fixação top demais! Uma bomba!Welington Donato"", ""verificado"": true}, {""data"": ""12/01/2026"", ""autor"": ""Cliente verificado"", ""comentario"": ""Muito bom e versatilFabiano Martins"", ""verificado"": true}, {""data"": ""30/12/2025"", ""autor"": ""Sahel Marques"", ""comentario"": ""Sahel Marques"", ""verificado"": true}]"
MALE FLOWER - Perfume Inspirado em Fleur Du Male - Masculino,masculinos,"R$134,90","R$165,90","R$128,15","6x de R$22,48","Male Flower é ideal para o homem seguro de si, urbano, influente e realizado. Um fougère oriental com frescor marcante e sensualidade elegante. Pode ser usado no dia a dia, academia, eventos noturnos leves, ou até em momentos de lazer. É também uma excelente escolha para dias quentes, entregando um aroma leve, limpo e memorável.",https://cdn.sistemawbuy.com.br/arquivos/164496f0f766f94632f1695eb9084eed/produtos/6845f28abf116/male-flower-68a8e8fa90c06_mini.png,https://www.jaessencedelavie.com.br/male-flower-perfume-inspirado-em-fleur-du-male-a/,,,"Manjericão, Camomila, Cumarina",Fleur Du Male,100ml,-99%,"[{""data"": ""29/01/2026"", ""autor"": ""Cliente verificado"", ""comentario"": ""Perfume maravilhoso! Forte de impacto! Floral branco bem aberto.José Dias"", ""verificado"": true}, {""data"": ""27/01/2026"", ""autor"": ""Cliente verificado"", ""comentario"": ""Comprei o de 100 ml para não ficar sem!Renato vasques"", ""verificado"": true}, {""data"": ""27/01/2026"", ""autor"": ""Cliente verificado"", ""comentario"": ""Agradeço a JA por me “devolver” o Fleur du Male! 99% de similaridade, mas acredito que o original que tenho aqui ja sofreu alguma alteração então é bem capaz de ser 100% igual ao original. 😍Renato vasques"", ""verificado"": true}]"
Bad Girl - Perfume Inspirado em Good Girl Gone Bad By Kilian - Feminino,femininos,"R$134,90","R$165,90","R$170,90","6x de R$29,98","Uma fragrância refinada e inesquecível, que transita entre o puro e o sedutor. Ideal para mulheres que desejam destacar sua faceta multifacetada — doce, envolvente e sofisticada — sobretudo em eventos noturnos, jantares ou ocasiões especiais.",https://cdn.sistemawbuy.com.br/arquivos/164496f0f766f94632f1695eb9084eed/produtos/6823d8260d8cd/154-68a8d733a3acd_mini.png,https://www.jaessencedelavie.com.br/bad-girl-feminino/,,,(Não divulgado – permanece o mistério floral e sensual),Good Girl Gone Bad By Kilian,100ml,-5%,"[{""data"": ""28/01/2026"", ""autor"": ""Cliente verificado"", ""comentario"": ""Perfume para quando você quer marcar presença.😉Andreia Barros"", ""verificado"": true}, {""data"": ""13/01/2026"", ""autor"": ""Cliente verificado"", ""comentario"": ""Fragrância perfeita, fixação maravilhosa!carly hasbun"", ""verificado"": true}, {""data"": ""01/07/2025"", ""autor"": ""Bruno Santos"", ""comentario"": ""Bruno Santos"", ""verificado"": true}]"
Blossom - Perfume Inspirado em Olympea Blossom Paco Rabanne - Feminino,femininos,"R$134,90","R$165,90","R$170,90","6x de R$29,98","Elegante e romântico, BLOSSOM é ideal para encontros especiais, jantares sofisticados ou momentos em que você quer destacar sua feminilidade com suavidade e classe.",https://cdn.sistemawbuy.com.br/arquivos/164496f0f766f94632f1695eb9084eed/produtos/6823d8063fda8/448-68a8e131476a2_mini.png,https://www.jaessencedelavie.com.br/blossom-feminino/,,"Pera, Groselha Preta","Sal, Baunilha, Patchouli, Cashmeran",Olympea Blossom Paco Rabanne,100ml,-5%,"[{""data"": ""28/01/2026"", ""autor"": ""Cliente verificado"", ""comentario"": ""Minha esposa relata que é mais cheiroso do que o própria inspiração. Fixando muito mais do que o comum.Mairton Beserra"", ""verificado"": true}, {""data"": ""17/10/2025"", ""autor"": ""Cliente verificado"", ""comentario"": ""Minha namorada achou ele muito formal, por isso 4 estrelas. Só que é um perfume extremamente agradável e para ocasiões formais mesmo.Fabio Renan"", ""verificado"": true}, {""data"": ""16/10/2025"", ""autor"": ""Cliente verificado"", ""comentario"": ""Luxo em estado líquido. Esse perfume é como um segredo bem guardado: quem sente, nunca esquece.\""SYLVIO SAPUCAHY"", ""verificado"": true}]"
Bubble - Perfume Inspirado em Toy 2 Bubble Gum Moschino - Feminino,femininos,"R$134,90","R$165,90","R$128,15","6x de R$22,48","Perfeita para dias ensolarados e para momentos em que você quer ser notada com um toque alegre e cativante. BUBBLE é para quem ama perfumes adocicados, jovens e modernos — sem perder a sofisticação.",https://cdn.sistemawbuy.com.br/arquivos/164496f0f766f94632f1695eb9084eed/produtos/6823d807c0783/92-68a8ba27c96ef_mini.png,https://www.jaessencedelavie.com.br/bubble-feminino/,,,"Ambroxan, Almíscar, Cedro",Toy 2 Bubble Gum Moschino,100ml,-19%,[]
Empire 1872 - Perfume Inspirado em 1872 For Men Clive Christian - Masculino,femininos,,,,,,https://cdn.sistemawbuy.com.br/arquivos/164496f0f766f94632f1695eb9084eed/produtos/6823d82f33a3e/124-68a8d3541f79c_mini.png,https://www.jaessencedelavie.com.br/empire-1872-masculino/,,,,,,,[]
Energy - Perfume Inspirado em Versense Versace - Feminino,femininos,"R$134,90","R$165,90","R$128,15","6x de R$22,48","Refrescante e sofisticado, ENERGY é ideal para ocasiões descontraídas, como passeios ao ar livre, brunch com amigas ou encontros familiares. Seu perfil leve é perfeito para dias quentes ou atividades diurnas, transmitindo conforto e frescor com elegância.",https://cdn.sistemawbuy.com.br/arquivos/164496f0f766f94632f1695eb9084eed/produtos/6823d8ae9fdf0/100-68a8bb3b2782b_mini.png,https://www.jaessencedelavie.com.br/energy-feminino/,,,"Sândalo, Cedro, Oliveira, Almíscar",Versense Versace,100ml,-19%,"[{""data"": ""03/02/2026"", ""autor"": ""Cliente verificado"", ""comentario"": ""Que delícia de perfume! Muito fresquinho, cheiro de mulher rica, limpa, elegante que tem a vida toda organizada. Se encaixa em todos os momentos, inclusive academia.Débora"", ""verificado"": true}, {""data"": ""28/01/2026"", ""autor"": ""Cliente verificado"", ""comentario"": ""Perfume para usar no verão.Andreia Barros"", ""verificado"": true}, {""data"": ""14/01/2026"", ""autor"": ""Felipe Pereira"", ""comentario"": ""Felipe Pereira"", ""verificado"": true}]"
Exotic x - Perfume Inspirado em X-CLIVE Christian - Feminino,femininos,"R$134,90","R$165,90","R$170,90","6x de R$29,98","Um convite à sedução refinada. Ideal para noites especiais, eventos elegantes ou quando você deseja deixar uma marca inesquecível por onde passa.",https://cdn.sistemawbuy.com.br/arquivos/164496f0f766f94632f1695eb9084eed/produtos/6823d798cfc92/fotos-mau-2-2-68a919cf3ae35_mini.png,https://www.jaessencedelavie.com.br/perfume-exotique-x-feminino/,,,"Baunilha, Almíscar Cashmeran, Patchouli, Rum, Sândalo",X,100ml,-5%,"[{""data"": ""12/09/2025"", ""autor"": ""Cliente verificado"", ""comentario"": ""Um aroma tb desconhecido pra mim que estou querendo lançar o meu próprio perfume, mas estou apaixonada pela diferenciação do aroma , feminino , muito presente e totalmente ímpar . Doçura no ponto certo e muita sedução .Parabéns . Novamente veremos a fixação com o passar das horas.Por favor qd tivere"", ""verificado"": true}, {""data"": ""24/07/2025"", ""autor"": ""Cliente verificado"", ""comentario"": ""Gostei muito. Não conhecia. Mas, não me arrependi da minha compra.CLAUDIA REGINA"", ""verificado"": true}, {""data"": ""24/07/2025"", ""autor"": ""Cliente verificado"", ""comentario"": ""Gostei muito. N�o conhecia. Mas, n�o me arrependi da minha compra.CLAUDIA REGINA"", ""verificado"": true}]"
First Love Perfume inspirado em Love Don?t Be Shy By Kilian Feminino,femininos,"R$134,90","R$165,90","R$170,90","6x de R$29,98","Envolvente e sedutor, perfeito para noites românticas e ocasiões especiais. O doce é elegante, macio e memorável.",https://cdn.sistemawbuy.com.br/arquivos/164496f0f766f94632f1695eb9084eed/produtos/6902c1110414b/2-6902d4b5dacc8_mini.png,https://www.jaessencedelavie.com.br/first-love-perfume-inspirado-em-love-don-t-be-shy-by-kilian-feminino/,,,"Baunilha, Caramelo, Almíscar",Love Don?t Be Shy By Kilian,100ml,-5%,"[{""data"": ""13/01/2026"", ""autor"": ""Cliente verificado"", ""comentario"": ""Muito parecido com o da Kilian, fixação maravilhosacarly hasbun"", ""verificado"": true}, {""data"": ""21/12/2025"", ""autor"": ""Cliente verificado"", ""comentario"": ""Não sou muito dos perfumes doces, mas esse me conquistou. É um doce confortável, na medida certa, ótimo pra noite e pra fazer layering. Qualidade ótima. Foi um blind que me conquistou com certeza.Thaísa Corrêa"", ""verificado"": true}, {""data"": ""07/12/2025"", ""autor"": ""Cliente verificado"", ""comentario"": ""Perfume muito agradável e com uma qualidade surreal nas notas.Diogo Oliveira"", ""verificado"": true}]"
Gardennia - Perfume Inspirado em Les Exclusifs de Gardénia ? Feminino,femininos,"R$134,90","R$165,90","R$128,15","6x de R$22,48","GARDÉNIA exala feminilidade e sofisticação. Cada borrifada envolve a pele com charme e frescor, tornando essa fragrância perfeita para ocasiões em que você deseja deixar um rastro memorável com suavidade e presença.",https://cdn.sistemawbuy.com.br/arquivos/164496f0f766f94632f1695eb9084eed/produtos/6823d7222aeb5/62-68a8e443a2685_mini.png,https://www.jaessencedelavie.com.br/perfume-gardennia-inspirado-em-les-exclusifs-de-chanel-gardenia-chanel-feminino/,Folhas Verdes,,Baunilha,Les Exclusifs de Gardénia ?,100ml,-19%,"[{""data"": ""27/01/2026"", ""autor"": ""Cliente verificado"", ""comentario"": ""Lembro muito pouco do Gardênia, mas em minhas lembranças ele era “cremoso” e extremamente floral e este me trouxe a mesma sensação! 🥰Renato vasques"", ""verificado"": true}, {""data"": ""30/08/2025"", ""autor"": ""Cliente verificado"", ""comentario"": ""SIMPLESMENTE INCRÍVEL.95% de semelhança com o Gardenia Les Exclusifs. Considerando que a inspiração custa a partir de R$2.400 esse aqui entrega praticamente a mesma identidade. Fragrancia 5 ⭐️Entrega 4 ⭐️Diogo"", ""verificado"": true}, {""data"": ""07/07/2025"", ""autor"": ""Cliente verificado"", ""comentario"": ""mais uma pérola da JA. Um perfume muito elegante e sofisticado. Minha mulher ainda não chegou a usar tanto para saber sobre a performance.Marcelo de Camargo"", ""verificado"": true}]"
Interdit - Perfume Inspirado em L'INTERDIT - Feminino,femininos,"R$134,90","R$165,90","R$128,15","6x de R$22,48","Uma fragrância que provoca os sentidos e exalta a feminilidade com ousadia. Seu contraste de flores radiantes e notas escuras oferece um aroma marcante, viciante e de longa fixação — ideal para mulheres que não têm medo de se destacar.",https://cdn.sistemawbuy.com.br/arquivos/164496f0f766f94632f1695eb9084eed/produtos/6823d80b66867/76-68a7d42bf060a_mini.png,https://www.jaessencedelavie.com.br/interdit-feminino/,,"Jasmim, Tuberosa","Vetiver, Patchouli",L'INTERDIT,100ml,-19%,"[{""data"": ""27/11/2025"", ""autor"": ""Cliente verificado"", ""comentario"": ""Muito próximo do perfume inspiração. Diria que 95% similar. Fixação eterna e projeção muito boa nas 2 primeiras horas.Carlos Alisson"", ""verificado"": true}, {""data"": ""02/10/2025"", ""autor"": ""Cliente verificado"", ""comentario"": ""Comprei para minha esposa e ela simplesmente amou! O perfume é um verdadeiro clone do L’Interdit original, com uma fragrância marcante e extremamente bem feita. A projeção é intensa e a fixação absurda, ficando por horas na pele e na roupa.Um perfume feminino elegante, envolvente e de excelente cust"", ""verificado"": true}, {""data"": ""19/09/2025"", ""autor"": ""Cliente verificado"", ""comentario"": ""nada a reclamar so agradecer por ter conhecido vcsMARIANA PERINI"", ""verificado"": true}]"
Jardim Botanique - Perfume Inspirado em Florabotanica Balenciaga - Feminino,femininos,"R$134,90","R$165,90","R$128,15","6x de R$22,48","Uma fragrância para acompanhar desde momentos casuais até eventos especiais. Ideal para mulheres que transbordam personalidade, beleza e um toque de mistério. Florais exóticos e ousados em uma combinação inusitada e irresistível.",https://cdn.sistemawbuy.com.br/arquivos/164496f0f766f94632f1695eb9084eed/produtos/6823d8093edf9/84-68a8b2e779886_mini.png,https://www.jaessencedelavie.com.br/jardim-botanique-feminino/,,,"Vetiver, Âmbar",Florabotanica,100ml,-19%,"[{""data"": ""27/01/2026"", ""autor"": ""Cliente verificado"", ""comentario"": ""Floral muito gostosoCarla Cristina"", ""verificado"": true}, {""data"": ""21/11/2025"", ""autor"": ""Cliente verificado"", ""comentario"": ""Amo o Jardim Botanique, melhor contratipo do Florabotanica que já usei, com uma fixação e projeção melhores que o original! E o atendimento da JA Essence de La Vie é excepcional, maravilhoso, sempre fui muito bem atendida e assistida em todo o processo, recomendo a todos!Juliana Fatima"", ""verificado"": true}, {""data"": ""24/10/2025"", ""autor"": ""Cliente verificado"", ""comentario"": ""A demora na entrega, principalmente do frete q paguei Sedex, demorou d+, mas ainda bem q recebi.Edlamar A"", ""verificado"": true}]"
Kisses ? inspirado em Les Exclusifs Beige - Feminino,femininos,"R$134,90","R$165,90","R$128,15","6x de R$22,48","Um perfume fresco, sofisticado e extremamente confortável. Ideal para quem busca uma fragrância leve, porém marcante, que transmite refinamento, pureza e um toque de calor discreto. Perfeita para o dia a dia, encontros especiais ou para quem deseja sentir-se bem consigo mesma.",https://cdn.sistemawbuy.com.br/arquivos/164496f0f766f94632f1695eb9084eed/produtos/68c44774908c8/42-68a8e3079c45b_mini.png,https://www.jaessencedelavie.com.br/perfume-kisses-inspirado-em-les-exclusifs-beige-68c447ac7dfb4/,,,"Mel, Almíscar",Les Exclusifs Beige,100ml,-19%,"[{""data"": ""12/01/2026"", ""autor"": ""Cliente verificado"", ""comentario"": ""Fragrância inesquecível.Bruno mellone"", ""verificado"": true}, {""data"": ""13/12/2025"", ""autor"": ""Cliente verificado"", ""comentario"": ""Gostei, como não gostar experiência olfativa incrível .Parabéns,pelo trabalho.Isabel Cristina"", ""verificado"": true}, {""data"": ""01/12/2025"", ""autor"": ""Vanessa Nobre"", ""comentario"": ""Vanessa Nobre"", ""verificado"": true}]"
Liberte - Perfume Inspirado em Libre Yves Saint Laurent - Feminino,femininos,"R$134,90","R$165,90","R$170,90","6x de R$29,98","Uma fragrância contemporânea que equilibra o frescor e a suavidade com intensidade e presença. Ideal para mulheres determinadas, que vivem com paixão e autenticidade — LIBERTÉ é sinônimo de elegância com personalidade.",https://cdn.sistemawbuy.com.br/arquivos/164496f0f766f94632f1695eb9084eed/produtos/6823d80a02fec/80-68a7dc85d3b3d_mini.png,https://www.jaessencedelavie.com.br/liberte-feminino/,,,"Baunilha de Madagascar, Almíscar, Âmbar Cinzento, Cedro",Libre Yves Saint Laurent,100ml,-5%,"[{""data"": ""20/01/2026"", ""autor"": ""Cliente verificado"", ""comentario"": ""Comprei pra minha esposa no Blind e surpreendeu a mim e à ela.Ela é uma pessoa bem chata para perfume, confesso que eu estava com medo de dar errado mas foi tiro certo.Lucas Matheus"", ""verificado"": true}, {""data"": ""08/12/2025"", ""autor"": ""Cliente verificado"", ""comentario"": ""Jésus dos Reis"", ""verificado"": true}, {""data"": ""28/11/2025"", ""autor"": ""Cliente verificado"", ""comentario"": ""JA nunca erra! Todos os perfumes que ja comprei da marca me surpreenderam muito positivamente.Parabéns pelo trabalho! Oferecendo acesso as fragrâncias exclusivas e mantendo a qualidade.Ranieri dos Santos"", ""verificado"": true}]"
Majestic - Inspirado em Baiser Volé Cartier - feminino,femininos,"R$134,90","R$165,90","R$128,15","6x de R$22,48","Perfeito para o dia a dia, especialmente em ambientes profissionais. Um toque sofisticado e discreto para quem deseja sentir-se perfumada durante todo o dia, sem excessos. Uma fragrância que transmite leveza e requinte.",https://cdn.sistemawbuy.com.br/arquivos/164496f0f766f94632f1695eb9084eed/produtos/6823d8086e100/88-68a8b8e18cc4a_mini.png,https://www.jaessencedelavie.com.br/majestic-feminino/,Lírio,Lírio,Lírio e Notas Verdes,Baiser Volé Cartier,100ml,-19%,"[{""data"": ""13/01/2026"", ""autor"": ""Cliente verificado"", ""comentario"": ""carly hasbun"", ""verificado"": true}, {""data"": ""10/01/2026"", ""autor"": ""Cliente verificado"", ""comentario"": ""Essa fragrância é uma joia! Apaixonada na primeira borrifada!Daniela Gomes"", ""verificado"": true}, {""data"": ""26/12/2025"", ""autor"": ""Cliente verificado"", ""comentario"": ""Gostei muito do perfume. Elegância define.Muito similar ao Baise Voilé. Vale muito a pena a aquisição. A projeção boa é fixação excelente.Lilian Machado"", ""verificado"": true}]"
Signatury - Perfume Inspirado em Montblanc Signature - Feminino,femininos,"R$134,90","R$165,90","R$170,90","6x de R$29,98","Ideal para o dia a dia, ambiente profissional, encontros tranquilos ou momentos de autocuidado. Signatury transmite serenidade e leveza sem perder sua profundidade feminina.",https://cdn.sistemawbuy.com.br/arquivos/164496f0f766f94632f1695eb9084eed/produtos/6823d8adee33e/440-68a8e1e25aadf_mini.png,https://www.jaessencedelavie.com.br/signatury-feminino/,,,"Âmbar, Benjoim, Almíscar Branco",Montblanc Signature,100ml,-5%,"[{""data"": ""03/02/2026"", ""autor"": ""Cliente verificado"", ""comentario"": ""IMPECÁVEL! Extremamente fiel à inspiração (que é o meu perfume favorito) mas com uma fixação surpreendentemente superior. Procurei por muito tempo por esse contratipo e, sem dúvida, foi a melhor descoberta (e compra) do ano.Débora"", ""verificado"": true}, {""data"": ""01/02/2026"", ""autor"": ""Cliente verificado"", ""comentario"": ""Fixação mil vezes melhor do que o original. Comprei o importado, mas troquei por esse.Narjara"", ""verificado"": true}, {""data"": ""29/01/2026"", ""autor"": ""Cliente verificado"", ""comentario"": ""Perfume incrível, idêntico ao inspirado. Comportamento igual desde a saída até o dry down. Fixação incrível, igual o original.Parabéns JA!Debora Soares"", ""verificado"": true}]"
Tuberose - Perfume Inspirado em Tuberoza Nishane - Feminino,femininos,"R$134,90","R$165,90","R$128,15","6x de R$22,48","Perfeito para momentos que pedem elegância e presença marcante. Ideal para noites sofisticadas, encontros românticos, eventos formais e ocasiões em que se deseja deixar uma impressão duradoura. Uma fragrância imponente, com excelente projeção e longa duração.",https://cdn.sistemawbuy.com.br/arquivos/164496f0f766f94632f1695eb9084eed/produtos/6823d8ad2f389/104-68a8bb99a9482_mini.png,https://www.jaessencedelavie.com.br/tuberose-feminino/,,,"Sândalo, Vetiver, Âmbar, Almíscar",Tuberoza Nishane,100ml,-19%,"[{""data"": ""13/01/2026"", ""autor"": ""Cliente verificado"", ""comentario"": ""Simplesmente APAIXONADA por este perfume. A saída olfativa é maravilhosa e depois ele desenvolve e fica num floral envolvente, marcante e super feminino. Dura o dia todo na minha pele. O meu favorito !carly hasbun"", ""verificado"": true}, {""data"": ""02/01/2026"", ""autor"": ""Cliente verificado"", ""comentario"": ""Aline de Moura"", ""verificado"": true}, {""data"": ""01/12/2025"", ""autor"": ""Cliente verificado"", ""comentario"": ""Dei este perfume de presente e a pessoa adorou a fragrância e performance.kenji almeida"", ""verificado"": true}]"
Very - Perfume Inspirado em Very Good Girl Carolina Herrera - Feminino,femininos,"R$134,90","R$165,90","R$128,15","6x de R$22,48",Ideal para quem quer marcar presença com sofisticação e leveza ao mesmo tempo. Uma fragrância para mulheres que sabem o que querem e que adoram deixar sua marca — de dia ou à noite.,https://cdn.sistemawbuy.com.br/arquivos/164496f0f766f94632f1695eb9084eed/produtos/6823d80707314/96-68a8baa995108_mini.png,https://www.jaessencedelavie.com.br/very-feminino/,"Lichia, Groselha Vermelha",Rosa,"Baunilha, Vetiver",Very Good Girl Carolina Herrera,100ml,-19%,"[{""data"": ""13/09/2025"", ""autor"": ""Cliente verificado"", ""comentario"": ""Perfume maravilhoso, a similaridade é incrível. Muito parecido mesmo, tenho o original e comparando não dá pra saber a diferença. JA POR FAVOR, NUNCA TIRE ESSE PERFUME DE LINHA😭Bruna Rocha"", ""verificado"": true}, {""data"": ""01/09/2025"", ""autor"": ""Cliente verificado"", ""comentario"": ""Gosto muito desse perfume em minha esposa. Ela é muito elogiada pelas pessoas.Pedro Luís"", ""verificado"": true}, {""data"": ""09/07/2025"", ""autor"": ""Cliente verificado"", ""comentario"": ""Perfume IncrívelVi Oliveira"", ""verificado"": true}]"
Violet - Inspirado em Violet Sapphire Boadicea The Victorious,femininos,"R$134,90","R$165,90","R$170,90","6x de R$29,98","Uma fragrância ideal para quem ama perfumes marcantes e sensuais. Violet é perfeita para noites especiais, festas, eventos sociais, climas amenos e frios — e para quem deseja deixar uma presença inesquecível. Muito elogiada pelo público feminino, também agrada quem busca luxo, doçura elegante e projeção intensa.",https://cdn.sistemawbuy.com.br/arquivos/164496f0f766f94632f1695eb9084eed/produtos/683b7004e2f9a/26-68a915dd15c04_mini.png,https://www.jaessencedelavie.com.br/violet-inspirado-em-violet-sapphire-boadicea-the-victorious/,"Framboesa, Pêssego, Cassis","Rosa, Jasmim, Violeta","Âmbar, Almíscar, Baunilha, Oud",Violet Sapphire Boadicea The Victorious,100ml,-5%,"[{""data"": ""28/01/2026"", ""autor"": ""Cliente verificado"", ""comentario"": ""Minha esposa adorou o perfume muito refrescante ,sensação de banho tomado.Mairton Beserra"", ""verificado"": true}, {""data"": ""13/01/2026"", ""autor"": ""Cliente verificado"", ""comentario"": ""carly hasbun"", ""verificado"": true}, {""data"": ""21/11/2025"", ""autor"": ""Heloyn Nogueira"", ""comentario"": ""Heloyn Nogueira"", ""verificado"": true}]"
Empire 1872 Woman - Perfume Inspirado em 1872 For Women Clive Christian - Feminino,femininos,"R$135,90","R$164,90","R$129,10","6x de R$22,65","é um perfume que celebra o requinte e a tradição britânica com uma fragrância floral cítrica intensa e inesquecível. Desde a sua abertura com frutas suculentas e frescor de bergamota, até o buquê floral exuberante no coração e a base rica com patchouli e madeiras nobres, tudo exala elegância e exclusividade. Pirâmide Olfativa Topo: Bergamota, Abacaxi, Mirtilo Corpo: Rose de Mai, Jasmim, Osmanthus,",https://cdn.sistemawbuy.com.br/arquivos/164496f0f766f94632f1695eb9084eed/produtos/6823d8ac7c7b2/108-68a8c6aeaa5a3_mini.png,https://www.jaessencedelavie.com.br/empire-1872-woman-feminino/,,,,1872 For Women,100ml,-18%,"[{""data"": ""28/01/2026"", ""autor"": ""Cliente verificado"", ""comentario"": ""Perfume maravilhoso, estou no segundo frasco.Andreia Barros"", ""verificado"": true}, {""data"": ""01/12/2025"", ""autor"": ""Vanessa Nobre"", ""comentario"": ""Vanessa Nobre"", ""verificado"": true}, {""data"": ""22/09/2025"", ""autor"": ""Cliente verificado"", ""comentario"": ""RAFAEL SILVA"", ""verificado"": true}]"
